timestamp,asof_date,baseline,ticker,news_headlines_7d,news_sent_7d,news_intensity_7d,news_labor_hits_7d
2025-12-17 19:09:39,2025-12-19,SPY,HRL,12.0,1.0,1.0,3.0
2025-12-17 19:09:39,2025-12-19,SPY,ATO,7.0,0.333,0.583,3.0
2025-12-17 19:09:39,2025-12-19,SPY,FOX,3.0,0.0,0.25,2.0
2025-12-17 19:09:39,2025-12-19,SPY,COR,11.0,1.0,0.917,1.0
2025-12-17 19:09:39,2025-12-19,SPY,NOW,27.0,0.0,1.0,11.0
2025-12-17 19:09:39,2025-12-19,SPY,AVGO,30.0,1.0,1.0,6.0
2025-12-17 19:09:39,2025-12-19,SPY,ORCL,30.0,-1.0,1.0,4.0
2025-12-17 19:09:39,2025-12-19,SPY,COIN,27.0,-1.0,1.0,4.0
2025-12-17 19:09:39,2025-12-19,SPY,HPE,14.0,1.0,1.0,1.0
2025-12-17 19:09:39,2025-12-19,SPY,GNRC,7.0,1.0,0.583,1.0
2025-12-17 19:09:39,2025-12-19,SPY,CRWD,20.0,-0.385,1.0,21.0
2025-12-17 19:09:39,2025-12-19,SPY,ECL,18.0,1.0,1.0,1.0
2025-12-17 19:09:39,2025-12-19,SPY,DDOG,19.0,1.0,1.0,5.0
2025-12-17 19:09:39,2025-12-19,SPY,BF-B,9.0,0.0,0.75,1.0
2025-12-17 19:09:39,2025-12-19,SPY,ETN,12.0,1.0,1.0,1.0
2025-12-17 19:09:39,2025-12-19,SPY,AMD,19.0,1.0,1.0,3.0
2025-12-17 19:09:39,2025-12-19,SPY,MCD,22.0,1.0,1.0,3.0
2025-12-17 19:09:39,2025-12-19,SPY,CSGP,15.0,0.75,1.0,2.0
2025-12-17 19:09:39,2025-12-19,SPY,BLDR,13.0,0.143,1.0,5.0
2025-12-17 19:09:39,2025-12-19,SPY,CAT,16.0,1.0,1.0,1.0
2025-12-17 19:09:39,2025-12-19,SPY,EXE,8.0,0.0,0.667,3.0
2025-12-17 19:09:39,2025-12-19,SPY,CFG,12.0,0.333,1.0,1.0
2025-12-17 19:09:39,2025-12-19,SPY,BKR,5.0,1.0,0.417,0.0
2025-12-17 19:09:39,2025-12-19,SPY,DLR,14.0,1.0,1.0,3.0
2025-12-17 19:09:39,2025-12-19,SPY,EQT,10.0,1.0,0.833,2.0
2025-12-17 19:09:39,2025-12-19,SPY,CEG,15.0,1.0,1.0,5.0
2025-12-17 19:09:39,2025-12-19,SPY,CRM,13.0,-1.0,1.0,0.0
2025-12-17 19:09:39,2025-12-19,SPY,HUBB,14.0,1.0,1.0,0.0
2025-12-17 19:09:39,2025-12-19,SPY,EOG,20.0,1.0,1.0,6.0
2025-12-17 19:09:39,2025-12-19,SPY,FICO,4.0,1.0,0.333,1.0
2025-12-17 19:10:30,2025-12-19,SPY,HRL,12,1.0,1.0,3
2025-12-17 19:10:30,2025-12-19,SPY,ATO,7,0.333,0.583,3
2025-12-17 19:10:30,2025-12-19,SPY,FOX,3,0.0,0.25,2
2025-12-17 19:10:30,2025-12-19,SPY,COR,11,1.0,0.917,1
2025-12-17 19:10:30,2025-12-19,SPY,NOW,27,0.0,1.0,11
2025-12-17 19:10:30,2025-12-19,SPY,AVGO,30,1.0,1.0,6
2025-12-17 19:10:30,2025-12-19,SPY,ORCL,30,-1.0,1.0,4
2025-12-17 19:10:30,2025-12-19,SPY,COIN,27,-1.0,1.0,4
2025-12-17 19:10:30,2025-12-19,SPY,GNRC,7,1.0,0.583,1
2025-12-17 19:10:30,2025-12-19,SPY,HPE,14,1.0,1.0,1
2025-12-17 19:10:30,2025-12-19,SPY,DDOG,19,1.0,1.0,5
2025-12-17 19:10:30,2025-12-19,SPY,CRWD,20,-0.385,1.0,21
2025-12-17 19:10:30,2025-12-19,SPY,ECL,18,1.0,1.0,1
2025-12-17 19:10:30,2025-12-19,SPY,AMD,19,1.0,1.0,3
2025-12-17 19:10:30,2025-12-19,SPY,BF-B,9,0.0,0.75,1
2025-12-17 19:10:30,2025-12-19,SPY,ETN,12,1.0,1.0,1
2025-12-17 19:10:30,2025-12-19,SPY,MCD,22,1.0,1.0,3
2025-12-17 19:10:30,2025-12-19,SPY,CSGP,15,0.75,1.0,2
2025-12-17 19:10:30,2025-12-19,SPY,BLDR,13,0.143,1.0,5
2025-12-17 19:10:30,2025-12-19,SPY,CAT,16,1.0,1.0,1
2025-12-17 19:10:30,2025-12-19,SPY,EXE,8,0.0,0.667,3
2025-12-17 19:10:30,2025-12-19,SPY,CFG,12,0.333,1.0,1
2025-12-17 19:10:30,2025-12-19,SPY,BKR,5,1.0,0.417,0
2025-12-17 19:10:30,2025-12-19,SPY,HUBB,14,1.0,1.0,0
2025-12-17 19:10:30,2025-12-19,SPY,DLR,14,1.0,1.0,3
2025-12-17 19:10:30,2025-12-19,SPY,EQT,10,1.0,0.833,2
2025-12-17 19:10:30,2025-12-19,SPY,CEG,15,1.0,1.0,5
2025-12-17 19:10:30,2025-12-19,SPY,CRM,13,-1.0,1.0,0
2025-12-17 19:10:30,2025-12-19,SPY,EOG,20,1.0,1.0,6
2025-12-17 19:10:30,2025-12-19,SPY,FICO,4,1.0,0.333,1
2025-12-17 19:38:33,2025-12-19,SPY,HRL,11.0,0.0,0.917,3.0
2025-12-17 19:38:33,2025-12-19,SPY,ATO,7.0,0.333,0.583,3.0
2025-12-17 19:38:33,2025-12-19,SPY,FOX,3.0,0.0,0.25,2.0
2025-12-17 19:38:33,2025-12-19,SPY,COR,11.0,1.0,0.917,1.0
2025-12-17 19:38:33,2025-12-19,SPY,MCD,22.0,1.0,1.0,3.0
2025-12-17 19:38:33,2025-12-19,SPY,NOW,27.0,-0.5,1.0,11.0
2025-12-17 19:38:33,2025-12-19,SPY,AVGO,30.0,1.0,1.0,6.0
2025-12-17 19:38:33,2025-12-19,SPY,ECL,18.0,1.0,1.0,1.0
2025-12-17 19:38:33,2025-12-19,SPY,DDOG,19.0,1.0,1.0,5.0
2025-12-17 19:38:33,2025-12-19,SPY,AMD,19.0,1.0,1.0,3.0
2025-12-17 19:38:33,2025-12-19,SPY,ORCL,30.0,-1.0,1.0,4.0
2025-12-17 19:38:33,2025-12-19,SPY,CRWD,20.0,-0.385,1.0,21.0
2025-12-17 19:38:33,2025-12-19,SPY,COIN,26.0,-1.0,1.0,4.0
2025-12-17 19:38:33,2025-12-19,SPY,GNRC,7.0,1.0,0.583,1.0
2025-12-17 19:38:33,2025-12-19,SPY,CAT,17.0,1.0,1.0,2.0
2025-12-17 19:38:33,2025-12-19,SPY,CEG,15.0,1.0,1.0,5.0
2025-12-17 19:38:33,2025-12-19,SPY,BKR,5.0,1.0,0.417,0.0
2025-12-17 19:38:33,2025-12-19,SPY,ANET,21.0,0.75,1.0,5.0
2025-12-17 19:38:33,2025-12-19,SPY,ETN,12.0,1.0,1.0,1.0
2025-12-17 19:38:33,2025-12-19,SPY,HUBB,14.0,1.0,1.0,0.0
2025-12-17 19:38:33,2025-12-19,SPY,HPE,14.0,1.0,1.0,1.0
2025-12-17 19:38:33,2025-12-19,SPY,EXE,8.0,0.0,0.667,3.0
2025-12-17 19:38:33,2025-12-19,SPY,GLW,9.0,0.0,0.75,2.0
2025-12-17 19:38:33,2025-12-19,SPY,EBAY,17.0,1.0,1.0,3.0
2025-12-17 19:38:33,2025-12-19,SPY,HWM,17.0,1.0,1.0,2.0
2025-12-17 19:38:33,2025-12-19,SPY,BAC,21.0,1.0,1.0,1.0
2025-12-17 19:38:33,2025-12-19,SPY,APH,29.0,1.0,1.0,1.0
2025-12-17 19:38:33,2025-12-19,SPY,GEV,24.0,1.0,1.0,5.0
2025-12-17 19:38:33,2025-12-19,SPY,DELL,12.0,1.0,1.0,5.0
2025-12-17 19:38:33,2025-12-19,SPY,CVS,12.0,1.0,1.0,2.0
2025-12-17 19:40:06,2025-12-19,SPY,HRL,11,0.0,0.917,3
2025-12-17 19:40:06,2025-12-19,SPY,ATO,7,0.333,0.583,3
2025-12-17 19:40:06,2025-12-19,SPY,FOX,3,0.0,0.25,2
2025-12-17 19:40:06,2025-12-19,SPY,COR,11,1.0,0.917,1
2025-12-17 19:40:06,2025-12-19,SPY,MCD,22,1.0,1.0,3
2025-12-17 19:40:06,2025-12-19,SPY,NOW,27,-0.5,1.0,11
2025-12-17 19:40:06,2025-12-19,SPY,AVGO,30,1.0,1.0,6
2025-12-17 19:40:06,2025-12-19,SPY,ECL,18,1.0,1.0,1
2025-12-17 19:40:06,2025-12-19,SPY,DDOG,19,1.0,1.0,5
2025-12-17 19:40:06,2025-12-19,SPY,AMD,19,1.0,1.0,3
2025-12-17 19:40:06,2025-12-19,SPY,ORCL,30,-1.0,1.0,4
2025-12-17 19:40:06,2025-12-19,SPY,CRWD,20,-0.385,1.0,21
2025-12-17 19:40:06,2025-12-19,SPY,COIN,26,-1.0,1.0,4
2025-12-17 19:40:06,2025-12-19,SPY,GNRC,7,1.0,0.583,1
2025-12-17 19:40:06,2025-12-19,SPY,CAT,17,1.0,1.0,2
2025-12-17 19:40:06,2025-12-19,SPY,CEG,15,1.0,1.0,5
2025-12-17 19:40:06,2025-12-19,SPY,BKR,5,1.0,0.417,0
2025-12-17 19:40:06,2025-12-19,SPY,ANET,21,0.75,1.0,5
2025-12-17 19:40:06,2025-12-19,SPY,ETN,12,1.0,1.0,1
2025-12-17 19:40:06,2025-12-19,SPY,HUBB,14,1.0,1.0,0
2025-12-17 19:40:06,2025-12-19,SPY,HPE,14,1.0,1.0,1
2025-12-17 19:40:06,2025-12-19,SPY,EXE,8,0.0,0.667,3
2025-12-17 19:40:06,2025-12-19,SPY,GLW,9,0.0,0.75,2
2025-12-17 19:40:06,2025-12-19,SPY,EBAY,17,1.0,1.0,3
2025-12-17 19:40:06,2025-12-19,SPY,HWM,17,1.0,1.0,2
2025-12-17 19:40:06,2025-12-19,SPY,BAC,21,1.0,1.0,1
2025-12-17 19:40:06,2025-12-19,SPY,APH,29,1.0,1.0,1
2025-12-17 19:40:06,2025-12-19,SPY,GEV,24,1.0,1.0,5
2025-12-17 19:40:06,2025-12-19,SPY,DELL,12,1.0,1.0,5
2025-12-17 19:40:06,2025-12-19,SPY,CVS,12,1.0,1.0,2
2025-12-17 20:22:59,2025-12-19,SPY,HRL,12.0,1.0,1.0,3.0
2025-12-17 20:22:59,2025-12-19,SPY,ATO,7.0,0.333,0.583,3.0
2025-12-17 20:22:59,2025-12-19,SPY,FOX,3.0,0.0,0.25,2.0
2025-12-17 20:22:59,2025-12-19,SPY,COR,12.0,1.0,1.0,1.0
2025-12-17 20:22:59,2025-12-19,SPY,MCD,21.0,1.0,1.0,3.0
2025-12-17 20:22:59,2025-12-19,SPY,NOW,27.0,-0.2,1.0,10.0
2025-12-17 20:22:59,2025-12-19,SPY,AVGO,30.0,1.0,1.0,6.0
2025-12-17 20:22:59,2025-12-19,SPY,ECL,17.0,1.0,1.0,1.0
2025-12-17 20:22:59,2025-12-19,SPY,DDOG,21.0,1.0,1.0,6.0
2025-12-17 20:22:59,2025-12-19,SPY,AMD,20.0,1.0,1.0,4.0
2025-12-17 20:22:59,2025-12-19,SPY,ORCL,30.0,-1.0,1.0,4.0
2025-12-17 20:22:59,2025-12-19,SPY,CRWD,21.0,-0.407,1.0,22.0
2025-12-17 20:22:59,2025-12-19,SPY,COIN,27.0,-1.0,1.0,4.0
2025-12-17 20:22:59,2025-12-19,SPY,GNRC,7.0,1.0,0.583,1.0
2025-12-17 20:22:59,2025-12-19,SPY,CAT,17.0,1.0,1.0,2.0
2025-12-17 20:22:59,2025-12-19,SPY,CEG,14.0,1.0,1.0,5.0
2025-12-17 20:22:59,2025-12-19,SPY,BKR,7.0,1.0,0.583,0.0
2025-12-17 20:22:59,2025-12-19,SPY,ANET,21.0,0.75,1.0,5.0
2025-12-17 20:22:59,2025-12-19,SPY,ETN,14.0,1.0,1.0,1.0
2025-12-17 20:22:59,2025-12-19,SPY,HUBB,14.0,1.0,1.0,0.0
2025-12-17 20:22:59,2025-12-19,SPY,HPE,14.0,1.0,1.0,1.0
2025-12-17 20:22:59,2025-12-19,SPY,EXE,8.0,0.0,0.667,3.0
2025-12-17 20:22:59,2025-12-19,SPY,GLW,9.0,0.0,0.75,2.0
2025-12-17 20:22:59,2025-12-19,SPY,EBAY,16.0,1.0,1.0,2.0
2025-12-17 20:22:59,2025-12-19,SPY,HWM,17.0,1.0,1.0,2.0
2025-12-17 20:22:59,2025-12-19,SPY,BAC,21.0,1.0,1.0,1.0
2025-12-17 20:22:59,2025-12-19,SPY,APH,29.0,1.0,1.0,1.0
2025-12-17 20:22:59,2025-12-19,SPY,GEV,24.0,1.0,1.0,4.0
2025-12-17 20:22:59,2025-12-19,SPY,DELL,12.0,0.0,1.0,5.0
2025-12-17 20:22:59,2025-12-19,SPY,CVS,13.0,1.0,1.0,3.0
2025-12-17 20:32:44,2025-12-19,SPY,HRL,12.0,1.0,1.0,3.0
2025-12-17 20:32:44,2025-12-19,SPY,ATO,7.0,0.333,0.583,3.0
2025-12-17 20:32:44,2025-12-19,SPY,FOX,3.0,0.0,0.25,2.0
2025-12-17 20:32:44,2025-12-19,SPY,COR,12.0,1.0,1.0,1.0
2025-12-17 20:32:44,2025-12-19,SPY,MCD,22.0,1.0,1.0,3.0
2025-12-17 20:32:44,2025-12-19,SPY,NOW,27.0,-0.2,1.0,10.0
2025-12-17 20:32:44,2025-12-19,SPY,AVGO,30.0,1.0,1.0,6.0
2025-12-17 20:32:44,2025-12-19,SPY,ECL,17.0,1.0,1.0,1.0
2025-12-17 20:32:44,2025-12-19,SPY,DDOG,19.0,1.0,1.0,6.0
2025-12-17 20:32:44,2025-12-19,SPY,AMD,20.0,1.0,1.0,4.0
2025-12-17 20:32:44,2025-12-19,SPY,ORCL,30.0,-1.0,1.0,4.0
2025-12-17 20:32:44,2025-12-19,SPY,CRWD,21.0,-0.407,1.0,22.0
2025-12-17 20:32:44,2025-12-19,SPY,COIN,26.0,-1.0,1.0,4.0
2025-12-17 20:32:44,2025-12-19,SPY,GNRC,7.0,1.0,0.583,1.0
2025-12-17 20:32:44,2025-12-19,SPY,CAT,17.0,1.0,1.0,2.0
2025-12-17 20:32:44,2025-12-19,SPY,CEG,15.0,1.0,1.0,5.0
2025-12-17 20:32:44,2025-12-19,SPY,BKR,6.0,1.0,0.5,0.0
2025-12-17 20:32:44,2025-12-19,SPY,ANET,21.0,0.75,1.0,5.0
2025-12-17 20:32:44,2025-12-19,SPY,ETN,15.0,1.0,1.0,1.0
2025-12-17 20:32:44,2025-12-19,SPY,HUBB,14.0,1.0,1.0,0.0
2025-12-17 20:32:44,2025-12-19,SPY,HPE,14.0,1.0,1.0,1.0
2025-12-17 20:32:44,2025-12-19,SPY,EXE,8.0,0.0,0.667,3.0
2025-12-17 20:32:44,2025-12-19,SPY,GLW,11.0,0.0,0.917,2.0
2025-12-17 20:32:44,2025-12-19,SPY,EBAY,16.0,1.0,1.0,2.0
2025-12-17 20:32:44,2025-12-19,SPY,HWM,17.0,1.0,1.0,2.0
2025-12-17 20:32:44,2025-12-19,SPY,BAC,21.0,1.0,1.0,1.0
2025-12-17 20:32:44,2025-12-19,SPY,APH,29.0,1.0,1.0,1.0
2025-12-17 20:32:44,2025-12-19,SPY,GEV,24.0,1.0,1.0,4.0
2025-12-17 20:32:44,2025-12-19,SPY,DELL,12.0,0.0,1.0,5.0
2025-12-17 20:32:44,2025-12-19,SPY,CVS,13.0,1.0,1.0,3.0
2025-12-17 20:50:28,2025-12-19,SPY,HRL,11,0.0,0.917,3
2025-12-17 20:50:28,2025-12-19,SPY,ATO,7,0.333,0.583,3
2025-12-17 20:50:28,2025-12-19,SPY,FOX,3,0.0,0.25,2
2025-12-17 20:50:28,2025-12-19,SPY,COR,12,1.0,1.0,0
2025-12-17 20:50:28,2025-12-19,SPY,MCD,22,1.0,1.0,3
2025-12-17 20:50:28,2025-12-19,SPY,NOW,27,-0.2,1.0,10
2025-12-17 20:50:28,2025-12-19,SPY,AVGO,30,1.0,1.0,6
2025-12-17 20:50:28,2025-12-19,SPY,ECL,17,1.0,1.0,1
2025-12-17 20:50:28,2025-12-19,SPY,DDOG,20,1.0,1.0,6
2025-12-17 20:50:28,2025-12-19,SPY,AMD,20,1.0,1.0,4
2025-12-17 20:50:28,2025-12-19,SPY,ORCL,30,-1.0,1.0,3
2025-12-17 20:50:28,2025-12-19,SPY,CRWD,21,-0.407,1.0,22
2025-12-17 20:50:28,2025-12-19,SPY,COIN,26,-1.0,1.0,4
2025-12-17 20:50:28,2025-12-19,SPY,GNRC,7,1.0,0.583,1
2025-12-17 20:50:28,2025-12-19,SPY,CAT,17,1.0,1.0,2
2025-12-17 20:50:28,2025-12-19,SPY,CEG,15,1.0,1.0,5
2025-12-17 20:50:28,2025-12-19,SPY,BKR,6,1.0,0.5,0
2025-12-17 20:50:28,2025-12-19,SPY,ANET,23,0.75,1.0,5
2025-12-17 20:50:28,2025-12-19,SPY,ETN,15,1.0,1.0,1
2025-12-17 20:50:28,2025-12-19,SPY,HUBB,14,1.0,1.0,0
2025-12-17 20:50:28,2025-12-19,SPY,HPE,14,1.0,1.0,1
2025-12-17 20:50:28,2025-12-19,SPY,EXE,8,0.0,0.667,3
2025-12-17 20:50:28,2025-12-19,SPY,GLW,11,0.0,0.917,2
2025-12-17 20:50:28,2025-12-19,SPY,EBAY,16,1.0,1.0,2
2025-12-17 20:50:28,2025-12-19,SPY,HWM,17,1.0,1.0,2
2025-12-17 20:50:28,2025-12-19,SPY,BAC,20,1.0,1.0,1
2025-12-17 20:50:28,2025-12-19,SPY,APH,29,1.0,1.0,1
2025-12-17 20:50:28,2025-12-19,SPY,GEV,21,1.0,1.0,5
2025-12-17 20:50:28,2025-12-19,SPY,DELL,13,0.0,1.0,6
2025-12-17 20:50:28,2025-12-19,SPY,CVS,12,1.0,1.0,3
2025-12-17 23:59:51,2025-12-19,SPY,ADP,8.0,-0.5,0.667,1.0
2025-12-17 23:59:51,2025-12-19,SPY,PEP,22.0,0.333,1.0,4.0
2025-12-17 23:59:51,2025-12-19,SPY,ROK,14.0,1.0,1.0,4.0
2025-12-17 23:59:51,2025-12-19,SPY,TXN,17.0,-0.25,1.0,2.0
2025-12-17 23:59:51,2025-12-19,SPY,TXT,8.0,0.333,0.667,1.0
2025-12-17 23:59:51,2025-12-19,SPY,VICI,14.0,1.0,1.0,4.0
2025-12-17 23:59:51,2025-12-19,SPY,WRB,14.0,1.0,1.0,3.0
2025-12-17 23:59:51,2025-12-19,SPY,MSI,6.0,1.0,0.5,1.0
2025-12-17 23:59:51,2025-12-19,SPY,ARE,5.0,0.0,0.417,1.0
2025-12-17 23:59:51,2025-12-19,SPY,PPL,12.0,1.0,1.0,6.0
2025-12-17 23:59:51,2025-12-19,SPY,IRM,10.0,0.5,0.833,0.0
2025-12-17 23:59:51,2025-12-19,SPY,CRM,15.0,0.0,1.0,0.0
2025-12-17 23:59:51,2025-12-19,SPY,NOW,27.0,-0.5,1.0,11.0
2025-12-17 23:59:51,2025-12-19,SPY,NFLX,27.0,1.0,1.0,1.0
2025-12-17 23:59:51,2025-12-19,SPY,CPRT,10.0,1.0,0.833,1.0
2025-12-17 23:59:51,2025-12-19,SPY,KMB,17.0,1.0,1.0,3.0
2025-12-17 23:59:51,2025-12-19,SPY,SO,17.0,1.0,1.0,4.0
2025-12-17 23:59:51,2025-12-19,SPY,MDLZ,20.0,1.0,1.0,1.0
2025-12-17 23:59:51,2025-12-19,SPY,URI,6.0,1.0,0.5,2.0
2025-12-17 23:59:51,2025-12-19,SPY,ORCL,30.0,-1.0,1.0,3.0
2025-12-17 23:59:51,2025-12-19,SPY,LIN,24.0,1.0,1.0,5.0
2025-12-17 23:59:51,2025-12-19,SPY,DUK,19.0,0.5,1.0,5.0
2025-12-17 23:59:51,2025-12-19,SPY,AWK,11.0,1.0,0.917,2.0
2025-12-17 23:59:51,2025-12-19,SPY,CPB,13.0,0.667,1.0,3.0
2025-12-17 23:59:51,2025-12-19,SPY,DTE,16.0,1.0,1.0,3.0
2025-12-17 23:59:51,2025-12-19,SPY,TMUS,9.0,-1.0,0.75,4.0
2025-12-17 23:59:51,2025-12-19,SPY,ZTS,22.0,1.0,1.0,1.0
2025-12-17 23:59:51,2025-12-19,SPY,PG,18.0,1.0,1.0,3.0
2025-12-17 23:59:51,2025-12-19,SPY,AZO,20.0,0.538,1.0,1.0
2025-12-17 23:59:51,2025-12-19,SPY,AEE,18.0,0.833,1.0,3.0
2025-12-18 00:00:16,2025-12-19,SPY,ADP,8,-0.5,0.667,1
2025-12-18 00:00:16,2025-12-19,SPY,PEP,22,0.333,1.0,4
2025-12-18 00:00:16,2025-12-19,SPY,ROK,14,1.0,1.0,4
2025-12-18 00:00:16,2025-12-19,SPY,TXN,17,-0.25,1.0,2
2025-12-18 00:00:16,2025-12-19,SPY,TXT,8,0.333,0.667,1
2025-12-18 00:00:16,2025-12-19,SPY,VICI,14,1.0,1.0,4
2025-12-18 00:00:16,2025-12-19,SPY,WRB,14,1.0,1.0,3
2025-12-18 00:00:16,2025-12-19,SPY,MSI,6,1.0,0.5,1
2025-12-18 00:00:16,2025-12-19,SPY,ARE,5,0.0,0.417,1
2025-12-18 00:00:16,2025-12-19,SPY,PPL,12,1.0,1.0,6
2025-12-18 00:03:41,2025-12-19,SPY,ADP,8,-0.5,0.667,1
2025-12-18 00:03:41,2025-12-19,SPY,PEP,22,0.333,1.0,4
2025-12-18 00:03:41,2025-12-19,SPY,ROK,14,1.0,1.0,4
2025-12-18 00:03:41,2025-12-19,SPY,TXN,17,-0.25,1.0,2
2025-12-18 00:03:41,2025-12-19,SPY,TXT,8,0.333,0.667,1
2025-12-18 00:03:41,2025-12-19,SPY,VICI,14,1.0,1.0,4
2025-12-18 00:03:41,2025-12-19,SPY,WRB,14,1.0,1.0,3
2025-12-18 00:03:41,2025-12-19,SPY,MSI,6,1.0,0.5,1
2025-12-18 00:03:41,2025-12-19,SPY,ARE,5,0.0,0.417,1
2025-12-18 00:03:41,2025-12-19,SPY,PPL,12,1.0,1.0,6
2025-12-18 01:00:40,2025-12-19,SPY,ADP,8.0,-0.5,0.667,1.0
2025-12-18 01:00:40,2025-12-19,SPY,PEP,22.0,0.5,1.0,4.0
2025-12-18 01:00:40,2025-12-19,SPY,ROK,11.0,1.0,0.917,3.0
2025-12-18 01:00:40,2025-12-19,SPY,TXN,16.0,-0.25,1.0,2.0
2025-12-18 01:00:40,2025-12-19,SPY,TXT,8.0,0.333,0.667,1.0
2025-12-18 01:00:40,2025-12-19,SPY,VICI,15.0,1.0,1.0,4.0
2025-12-18 01:00:40,2025-12-19,SPY,WRB,14.0,1.0,1.0,3.0
2025-12-18 01:00:40,2025-12-19,SPY,MSI,5.0,1.0,0.417,1.0
2025-12-18 01:00:40,2025-12-19,SPY,ARE,3.0,0.0,0.25,1.0
2025-12-18 01:00:40,2025-12-19,SPY,PPL,12.0,1.0,1.0,6.0
2025-12-18 01:00:40,2025-12-19,SPY,IRM,10.0,0.5,0.833,0.0
2025-12-18 01:00:40,2025-12-19,SPY,CRM,15.0,0.0,1.0,0.0
2025-12-18 01:00:40,2025-12-19,SPY,NOW,28.0,-0.5,1.0,12.0
2025-12-18 01:00:40,2025-12-19,SPY,NFLX,27.0,1.0,1.0,1.0
2025-12-18 01:00:40,2025-12-19,SPY,CPRT,9.0,1.0,0.75,1.0
2025-12-18 01:00:40,2025-12-19,SPY,KMB,17.0,1.0,1.0,3.0
2025-12-18 01:00:40,2025-12-19,SPY,SO,17.0,1.0,1.0,4.0
2025-12-18 01:00:40,2025-12-19,SPY,MDLZ,20.0,1.0,1.0,1.0
2025-12-18 01:00:40,2025-12-19,SPY,URI,6.0,1.0,0.5,2.0
2025-12-18 01:00:40,2025-12-19,SPY,ORCL,30.0,-1.0,1.0,2.0
2025-12-18 01:00:40,2025-12-19,SPY,LIN,23.0,1.0,1.0,5.0
2025-12-18 01:00:40,2025-12-19,SPY,DUK,18.0,0.5,1.0,5.0
2025-12-18 01:00:40,2025-12-19,SPY,AWK,11.0,1.0,0.917,2.0
2025-12-18 01:00:40,2025-12-19,SPY,CPB,13.0,0.667,1.0,3.0
2025-12-18 01:00:40,2025-12-19,SPY,DTE,16.0,1.0,1.0,3.0
2025-12-18 01:00:40,2025-12-19,SPY,TMUS,9.0,-1.0,0.75,4.0
2025-12-18 01:00:40,2025-12-19,SPY,PG,19.0,1.0,1.0,2.0
2025-12-18 01:00:40,2025-12-19,SPY,ZTS,22.0,1.0,1.0,2.0
2025-12-18 01:00:40,2025-12-19,SPY,AZO,20.0,0.571,1.0,1.0
2025-12-18 01:00:40,2025-12-19,SPY,AEE,17.0,0.8,1.0,3.0
2025-12-18 01:00:44,2025-12-19,SPY,ADP,8,-0.5,0.667,1
2025-12-18 01:00:44,2025-12-19,SPY,PEP,22,0.5,1.0,4
2025-12-18 01:00:44,2025-12-19,SPY,ROK,11,1.0,0.917,3
2025-12-18 01:00:44,2025-12-19,SPY,TXN,16,-0.25,1.0,2
2025-12-18 01:00:44,2025-12-19,SPY,TXT,8,0.333,0.667,1
2025-12-18 01:00:44,2025-12-19,SPY,VICI,15,1.0,1.0,4
2025-12-18 01:00:44,2025-12-19,SPY,WRB,14,1.0,1.0,3
2025-12-18 01:00:44,2025-12-19,SPY,MSI,5,1.0,0.417,1
2025-12-18 01:00:44,2025-12-19,SPY,ARE,3,0.0,0.25,1
2025-12-18 01:00:44,2025-12-19,SPY,PPL,12,1.0,1.0,6
2025-12-18 01:33:34,2025-12-19,SPY,TER,12.0,1.0,1.0,0.0
2025-12-18 01:33:34,2025-12-19,SPY,ATO,8.0,0.333,0.667,3.0
2025-12-18 01:33:34,2025-12-19,SPY,WDC,23.0,1.0,1.0,4.0
2025-12-18 01:33:34,2025-12-19,SPY,WBD,26.0,1.0,1.0,2.0
2025-12-18 01:33:34,2025-12-19,SPY,OXY,14.0,1.0,1.0,4.0
2025-12-18 01:33:34,2025-12-19,SPY,MU,30.0,1.0,1.0,9.0
2025-12-18 01:33:34,2025-12-19,SPY,PPG,13.0,1.0,1.0,0.0
2025-12-18 01:33:34,2025-12-19,SPY,PNW,14.0,0.2,1.0,2.0
2025-12-18 01:33:34,2025-12-19,SPY,ROK,10.0,1.0,0.833,3.0
2025-12-18 01:33:34,2025-12-19,SPY,ALB,15.0,1.0,1.0,2.0
2025-12-18 01:33:34,2025-12-19,SPY,GOOGL,28.0,0.636,1.0,1.0
2025-12-18 01:33:34,2025-12-19,SPY,GOOG,24.0,0.0,1.0,4.0
2025-12-18 01:33:34,2025-12-19,SPY,PEP,22.0,0.5,1.0,4.0
2025-12-18 01:33:34,2025-12-19,SPY,CAH,12.0,1.0,1.0,1.0
2025-12-18 01:33:34,2025-12-19,SPY,LLY,23.0,1.0,1.0,3.0
2025-12-18 01:33:34,2025-12-19,SPY,DG,16.0,0.667,1.0,2.0
2025-12-18 01:33:34,2025-12-19,SPY,AVGO,29.0,0.0,1.0,5.0
2025-12-18 01:33:34,2025-12-19,SPY,BIIB,13.0,0.429,1.0,2.0
2025-12-18 01:34:39,2025-12-19,SPY,TER,12,1.0,1.0,0
2025-12-18 01:34:39,2025-12-19,SPY,ATO,8,0.333,0.667,3
2025-12-18 01:34:39,2025-12-19,SPY,WDC,23,1.0,1.0,4
2025-12-18 01:34:39,2025-12-19,SPY,WBD,26,1.0,1.0,2
2025-12-18 01:34:39,2025-12-19,SPY,OXY,14,1.0,1.0,4
2025-12-18 01:34:39,2025-12-19,SPY,MU,30,1.0,1.0,9
2025-12-18 01:34:39,2025-12-19,SPY,PPG,13,1.0,1.0,0
2025-12-18 01:34:39,2025-12-19,SPY,PNW,14,0.2,1.0,2
2025-12-18 01:34:39,2025-12-19,SPY,ROK,10,1.0,0.833,3
2025-12-18 01:34:39,2025-12-19,SPY,ALB,15,1.0,1.0,2
2025-12-18 01:34:39,2025-12-19,SPY,GOOGL,28,0.636,1.0,1
2025-12-18 01:34:39,2025-12-19,SPY,GOOG,24,0.0,1.0,4
2025-12-18 01:34:39,2025-12-19,SPY,PEP,22,0.5,1.0,4
2025-12-18 01:34:39,2025-12-19,SPY,CAH,12,1.0,1.0,1
2025-12-18 01:34:39,2025-12-19,SPY,LLY,23,1.0,1.0,3
2025-12-18 01:34:39,2025-12-19,SPY,DG,16,0.667,1.0,2
2025-12-18 01:34:39,2025-12-19,SPY,AVGO,29,0.0,1.0,5
2025-12-18 01:34:39,2025-12-19,SPY,BIIB,13,0.429,1.0,2
2025-12-18 01:43:20,2025-12-19,SPY,OXY,14.0,1.0,1.0,4.0
2025-12-18 01:43:20,2025-12-19,SPY,PPG,13.0,1.0,1.0,0.0
2025-12-18 01:43:20,2025-12-19,SPY,PNW,14.0,0.2,1.0,2.0
2025-12-18 01:43:20,2025-12-19,SPY,ATO,8.0,0.333,0.667,3.0
2025-12-18 01:43:20,2025-12-19,SPY,RSG,9.0,1.0,0.75,8.0
2025-12-18 01:43:20,2025-12-19,SPY,PSKY,15.0,1.0,1.0,1.0
2025-12-18 01:43:20,2025-12-19,SPY,FOX,5.0,1.0,0.417,2.0
2025-12-18 01:43:20,2025-12-19,SPY,LH,9.0,0.5,0.75,0.0
2025-12-18 01:43:20,2025-12-19,SPY,ORLY,17.0,1.0,1.0,2.0
2025-12-18 01:43:20,2025-12-19,SPY,T,27.0,0.0,1.0,3.0
2025-12-18 01:43:20,2025-12-19,SPY,VST,9.0,1.0,0.75,3.0
2025-12-18 01:43:20,2025-12-19,SPY,RMD,14.0,0.556,1.0,4.0
2025-12-18 01:43:20,2025-12-19,SPY,CFG,11.0,-0.333,0.917,2.0
2025-12-18 01:43:20,2025-12-19,SPY,TT,24.0,0.846,1.0,0.0
2025-12-18 01:43:20,2025-12-19,SPY,NOW,27.0,-0.5,1.0,12.0
2025-12-18 01:43:20,2025-12-19,SPY,CMS,5.0,1.0,0.417,0.0
2025-12-18 01:43:20,2025-12-19,SPY,DOC,9.0,0.333,0.75,6.0
2025-12-18 01:43:20,2025-12-19,SPY,SJM,11.0,1.0,0.917,1.0
2025-12-18 01:43:20,2025-12-19,SPY,IPG,2.0,0.0,0.167,0.0
2025-12-18 01:43:20,2025-12-19,SPY,AZO,20.0,0.571,1.0,1.0
2025-12-18 01:43:20,2025-12-19,SPY,ECL,16.0,1.0,1.0,1.0
2025-12-18 01:43:20,2025-12-19,SPY,DLR,12.0,1.0,1.0,2.0
2025-12-18 01:43:20,2025-12-19,SPY,CCI,14.0,1.0,1.0,4.0
2025-12-18 01:43:20,2025-12-19,SPY,ETN,17.0,1.0,1.0,1.0
2025-12-18 01:43:20,2025-12-19,SPY,SMCI,17.0,0.5,1.0,1.0
2025-12-18 01:43:20,2025-12-19,SPY,UBER,20.0,-0.333,1.0,4.0
2025-12-18 01:43:20,2025-12-19,SPY,DTE,16.0,1.0,1.0,3.0
2025-12-18 01:43:20,2025-12-19,SPY,SBAC,14.0,1.0,1.0,5.0
2025-12-18 01:43:20,2025-12-19,SPY,COR,11.0,1.0,0.917,0.0
2025-12-18 01:43:20,2025-12-19,SPY,WEC,15.0,1.0,1.0,5.0
2025-12-18 01:44:56,2025-12-19,SPY,OXY,13,1.0,1.0,4
2025-12-18 01:44:56,2025-12-19,SPY,PPG,13,1.0,1.0,0
2025-12-18 01:44:56,2025-12-19,SPY,PNW,14,0.2,1.0,2
2025-12-18 01:44:56,2025-12-19,SPY,ATO,8,0.333,0.667,3
2025-12-18 01:44:56,2025-12-19,SPY,RSG,9,1.0,0.75,8
2025-12-18 01:44:56,2025-12-19,SPY,PSKY,15,1.0,1.0,1
2025-12-18 01:44:56,2025-12-19,SPY,FOX,5,1.0,0.417,2
2025-12-18 01:44:56,2025-12-19,SPY,LH,9,0.5,0.75,0
2025-12-18 01:44:56,2025-12-19,SPY,ORLY,17,1.0,1.0,2
2025-12-18 01:44:56,2025-12-19,SPY,T,27,0.0,1.0,3
2025-12-18 01:44:56,2025-12-19,SPY,VST,9,1.0,0.75,3
2025-12-18 01:44:56,2025-12-19,SPY,RMD,14,0.556,1.0,4
2025-12-18 01:44:56,2025-12-19,SPY,TT,24,0.846,1.0,0
2025-12-18 01:44:56,2025-12-19,SPY,CFG,11,-0.333,0.917,2
2025-12-18 01:44:56,2025-12-19,SPY,NOW,27,-0.5,1.0,12
2025-12-18 01:44:56,2025-12-19,SPY,CMS,5,1.0,0.417,0
2025-12-18 01:44:56,2025-12-19,SPY,DOC,9,0.333,0.75,6
2025-12-18 01:44:56,2025-12-19,SPY,SJM,11,1.0,0.917,1
2025-12-18 01:44:56,2025-12-19,SPY,IPG,2,0.0,0.167,0
2025-12-18 01:44:56,2025-12-19,SPY,AZO,20,0.571,1.0,1
2025-12-18 01:44:56,2025-12-19,SPY,ECL,16,1.0,1.0,1
2025-12-18 01:44:56,2025-12-19,SPY,DLR,12,1.0,1.0,2
2025-12-18 01:44:56,2025-12-19,SPY,CCI,14,1.0,1.0,4
2025-12-18 01:44:56,2025-12-19,SPY,ETN,17,1.0,1.0,1
2025-12-18 01:44:56,2025-12-19,SPY,SMCI,17,0.5,1.0,1
2025-12-18 01:44:56,2025-12-19,SPY,UBER,20,-0.333,1.0,4
2025-12-18 01:44:56,2025-12-19,SPY,DTE,16,1.0,1.0,3
2025-12-18 01:44:56,2025-12-19,SPY,SBAC,14,1.0,1.0,5
2025-12-18 01:44:56,2025-12-19,SPY,COR,11,1.0,0.917,0
2025-12-18 01:44:56,2025-12-19,SPY,WEC,15,1.0,1.0,5
2025-12-18 01:52:51,2025-12-19,SPY,OXY,13,1.0,1.0,4
2025-12-18 01:52:51,2025-12-19,SPY,PPG,13,1.0,1.0,0
2025-12-18 01:52:51,2025-12-19,SPY,PNW,14,0.2,1.0,2
2025-12-18 01:52:51,2025-12-19,SPY,ATO,8,0.333,0.667,3
2025-12-18 01:52:51,2025-12-19,SPY,RSG,9,1.0,0.75,8
2025-12-18 01:52:51,2025-12-19,SPY,PSKY,15,1.0,1.0,1
2025-12-18 01:52:51,2025-12-19,SPY,FOX,5,1.0,0.417,2
2025-12-18 01:52:51,2025-12-19,SPY,LH,9,0.5,0.75,0
2025-12-18 01:52:51,2025-12-19,SPY,ORLY,17,1.0,1.0,2
2025-12-18 01:52:51,2025-12-19,SPY,T,27,0.0,1.0,3
2025-12-18 01:52:51,2025-12-19,SPY,VST,9,1.0,0.75,3
2025-12-18 01:52:51,2025-12-19,SPY,RMD,14,0.556,1.0,4
2025-12-18 01:52:51,2025-12-19,SPY,TT,24,0.846,1.0,0
2025-12-18 01:52:51,2025-12-19,SPY,CFG,11,-0.333,0.917,2
2025-12-18 01:52:51,2025-12-19,SPY,NOW,27,-0.5,1.0,12
2025-12-18 01:52:51,2025-12-19,SPY,CMS,5,1.0,0.417,0
2025-12-18 01:52:51,2025-12-19,SPY,DOC,9,0.333,0.75,6
2025-12-18 01:52:51,2025-12-19,SPY,SJM,11,1.0,0.917,1
2025-12-18 01:52:51,2025-12-19,SPY,IPG,2,0.0,0.167,0
2025-12-18 01:52:51,2025-12-19,SPY,AZO,20,0.571,1.0,1
2025-12-18 01:52:51,2025-12-19,SPY,ECL,16,1.0,1.0,1
2025-12-18 01:52:51,2025-12-19,SPY,DLR,12,1.0,1.0,2
2025-12-18 01:52:51,2025-12-19,SPY,CCI,14,1.0,1.0,4
2025-12-18 01:52:51,2025-12-19,SPY,ETN,17,1.0,1.0,1
2025-12-18 01:52:51,2025-12-19,SPY,SMCI,17,0.5,1.0,1
2025-12-18 01:52:51,2025-12-19,SPY,UBER,20,-0.333,1.0,4
2025-12-18 01:52:51,2025-12-19,SPY,DTE,16,1.0,1.0,3
2025-12-18 01:52:51,2025-12-19,SPY,SBAC,14,1.0,1.0,5
2025-12-18 01:52:51,2025-12-19,SPY,COR,11,1.0,0.917,0
2025-12-18 01:52:51,2025-12-19,SPY,WEC,15,1.0,1.0,5
2025-12-18 01:54:44,2025-12-19,SPY,OXY,13.0,1.0,1.0,4.0
2025-12-18 01:54:44,2025-12-19,SPY,PPG,13.0,1.0,1.0,0.0
2025-12-18 01:54:44,2025-12-19,SPY,PNW,14.0,0.2,1.0,2.0
2025-12-18 01:54:44,2025-12-19,SPY,ATO,8.0,0.333,0.667,3.0
2025-12-18 01:54:44,2025-12-19,SPY,COR,12.0,1.0,1.0,1.0
2025-12-18 01:54:44,2025-12-19,SPY,MCD,22.0,1.0,1.0,3.0
2025-12-18 01:54:44,2025-12-19,SPY,CHTR,4.0,1.0,0.333,0.0
2025-12-18 01:54:44,2025-12-19,SPY,PAYC,15.0,1.0,1.0,5.0
2025-12-18 01:54:44,2025-12-19,SPY,SMCI,17.0,0.5,1.0,1.0
2025-12-18 01:54:44,2025-12-19,SPY,MLM,8.0,0.333,0.667,4.0
2025-12-18 01:54:44,2025-12-19,SPY,ADP,8.0,-0.5,0.667,1.0
2025-12-18 01:54:44,2025-12-19,SPY,AXON,10.0,1.0,0.833,2.0
2025-12-18 01:54:44,2025-12-19,SPY,FOX,5.0,1.0,0.417,2.0
2025-12-18 01:54:44,2025-12-19,SPY,ENPH,7.0,1.0,0.583,0.0
2025-12-18 01:54:44,2025-12-19,SPY,IT,14.0,1.0,1.0,5.0
2025-12-18 01:54:44,2025-12-19,SPY,FFIV,9.0,1.0,0.75,2.0
2025-12-18 01:54:44,2025-12-19,SPY,ARE,3.0,0.0,0.25,1.0
2025-12-18 01:54:44,2025-12-19,SPY,PAYX,13.0,1.0,1.0,2.0
2025-12-18 01:54:44,2025-12-19,SPY,BX,12.0,1.0,1.0,3.0
2025-12-18 01:54:44,2025-12-19,SPY,MMC,14.0,1.0,1.0,0.0
2025-12-18 01:54:44,2025-12-19,SPY,KMX,16.0,0.0,1.0,1.0
2025-12-18 01:54:44,2025-12-19,SPY,CPRT,9.0,1.0,0.75,1.0
2025-12-18 01:54:44,2025-12-19,SPY,RSG,9.0,1.0,0.75,8.0
2025-12-18 01:54:44,2025-12-19,SPY,FDS,19.0,0.6,1.0,3.0
2025-12-18 01:54:44,2025-12-19,SPY,CFG,10.0,-0.2,0.833,2.0
2025-12-18 01:54:44,2025-12-19,SPY,MSI,5.0,1.0,0.417,1.0
2025-12-18 01:54:44,2025-12-19,SPY,ORCL,30.0,-1.0,1.0,2.0
2025-12-18 01:54:44,2025-12-19,SPY,CMCSA,24.0,1.0,1.0,1.0
2025-12-18 01:54:44,2025-12-19,SPY,TTD,13.0,1.0,1.0,3.0
2025-12-18 01:54:44,2025-12-19,SPY,MOH,10.0,1.0,0.833,2.0
2025-12-18 01:57:30,2025-12-19,SPY,OXY,13.0,1.0,1.0,4.0
2025-12-18 01:57:30,2025-12-19,SPY,PPG,13.0,1.0,1.0,0.0
2025-12-18 01:57:30,2025-12-19,SPY,PNW,14.0,0.2,1.0,2.0
2025-12-18 01:57:30,2025-12-19,SPY,ATO,8.0,0.333,0.667,3.0
2025-12-18 01:57:30,2025-12-19,SPY,COR,12.0,1.0,1.0,1.0
2025-12-18 01:57:30,2025-12-19,SPY,MCD,22.0,1.0,1.0,3.0
2025-12-18 01:57:30,2025-12-19,SPY,CHTR,4.0,1.0,0.333,0.0
2025-12-18 01:57:30,2025-12-19,SPY,PAYC,15.0,1.0,1.0,5.0
2025-12-18 01:57:30,2025-12-19,SPY,SMCI,17.0,0.5,1.0,1.0
2025-12-18 01:57:30,2025-12-19,SPY,MLM,8.0,0.333,0.667,4.0
2025-12-18 01:57:30,2025-12-19,SPY,ADP,8.0,-0.5,0.667,1.0
2025-12-18 01:57:30,2025-12-19,SPY,AXON,10.0,1.0,0.833,2.0
2025-12-18 01:57:30,2025-12-19,SPY,FOX,5.0,1.0,0.417,2.0
2025-12-18 01:57:30,2025-12-19,SPY,ENPH,7.0,1.0,0.583,0.0
2025-12-18 01:57:30,2025-12-19,SPY,IT,14.0,1.0,1.0,5.0
2025-12-18 01:57:30,2025-12-19,SPY,FFIV,9.0,1.0,0.75,2.0
2025-12-18 01:57:30,2025-12-19,SPY,ARE,3.0,0.0,0.25,1.0
2025-12-18 01:57:30,2025-12-19,SPY,PAYX,13.0,1.0,1.0,2.0
2025-12-18 01:57:30,2025-12-19,SPY,BX,12.0,1.0,1.0,3.0
2025-12-18 01:57:30,2025-12-19,SPY,MMC,14.0,1.0,1.0,0.0
2025-12-18 01:57:30,2025-12-19,SPY,KMX,16.0,0.0,1.0,1.0
2025-12-18 01:57:30,2025-12-19,SPY,CPRT,9.0,1.0,0.75,1.0
2025-12-18 01:57:30,2025-12-19,SPY,RSG,9.0,1.0,0.75,8.0
2025-12-18 01:57:30,2025-12-19,SPY,FDS,19.0,0.6,1.0,3.0
2025-12-18 01:57:30,2025-12-19,SPY,CFG,10.0,-0.2,0.833,2.0
2025-12-18 01:57:30,2025-12-19,SPY,MSI,5.0,1.0,0.417,1.0
2025-12-18 01:57:30,2025-12-19,SPY,ORCL,30.0,-1.0,1.0,2.0
2025-12-18 01:57:30,2025-12-19,SPY,CMCSA,24.0,1.0,1.0,1.0
2025-12-18 01:57:30,2025-12-19,SPY,TTD,13.0,1.0,1.0,3.0
2025-12-18 01:57:30,2025-12-19,SPY,MOH,10.0,1.0,0.833,2.0
2025-12-18 01:57:30,2025-12-19,SPY,TPL,21.0,1.0,1.0,0.0
2025-12-18 01:57:30,2025-12-19,SPY,NWSA,12.0,1.0,1.0,1.0
2025-12-18 01:57:30,2025-12-19,SPY,ROP,13.0,1.0,1.0,3.0
2025-12-18 01:57:30,2025-12-19,SPY,NCLH,16.0,0.6,1.0,1.0
2025-12-18 01:57:30,2025-12-19,SPY,GRMN,4.0,1.0,0.333,0.0
2025-12-18 01:57:30,2025-12-19,SPY,AJG,21.0,1.0,1.0,8.0
2025-12-18 01:57:30,2025-12-19,SPY,GDDY,8.0,0.0,0.667,2.0
2025-12-18 01:57:30,2025-12-19,SPY,MET,7.0,1.0,0.583,1.0
2025-12-18 01:57:30,2025-12-19,SPY,HON,14.0,0.75,1.0,2.0
2025-12-18 01:57:30,2025-12-19,SPY,EG,8.0,1.0,0.667,1.0
2025-12-18 01:58:28,2025-12-19,SPY,OXY,13,1.0,1.0,4
2025-12-18 01:58:28,2025-12-19,SPY,PPG,13,1.0,1.0,0
2025-12-18 01:58:28,2025-12-19,SPY,PNW,14,0.2,1.0,2
2025-12-18 01:58:28,2025-12-19,SPY,ATO,8,0.333,0.667,3
2025-12-18 01:58:28,2025-12-19,SPY,COR,12,1.0,1.0,1
2025-12-18 01:58:28,2025-12-19,SPY,SMCI,17,0.5,1.0,1
2025-12-18 01:58:28,2025-12-19,SPY,FOX,5,1.0,0.417,2
2025-12-18 01:58:28,2025-12-19,SPY,RSG,9,1.0,0.75,8
2025-12-18 01:58:28,2025-12-19,SPY,CFG,10,-0.2,0.833,2
2025-12-18 01:58:28,2025-12-19,SPY,PSKY,15,1.0,1.0,1
2025-12-18 01:58:28,2025-12-19,SPY,IPG,2,0.0,0.167,0
2025-12-18 01:58:28,2025-12-19,SPY,VST,9,1.0,0.75,3
2025-12-18 01:58:28,2025-12-19,SPY,UBER,20,-0.333,1.0,4
2025-12-18 01:58:28,2025-12-19,SPY,DLR,12,1.0,1.0,2
2025-12-18 01:58:28,2025-12-19,SPY,CCI,14,1.0,1.0,4
2025-12-18 01:58:28,2025-12-19,SPY,ETN,17,1.0,1.0,1
2025-12-18 01:58:28,2025-12-19,SPY,SBAC,13,1.0,1.0,5
2025-12-18 01:58:28,2025-12-19,SPY,T,27,0.0,1.0,4
2025-12-18 01:58:28,2025-12-19,SPY,SJM,11,1.0,0.917,1
2025-12-18 01:58:28,2025-12-19,SPY,AZO,20,0.571,1.0,1
2025-12-18 01:58:28,2025-12-19,SPY,RMD,14,0.556,1.0,4
2025-12-18 01:58:28,2025-12-19,SPY,DOC,9,0.333,0.75,6
2025-12-18 01:58:28,2025-12-19,SPY,ORLY,17,1.0,1.0,2
2025-12-18 01:58:28,2025-12-19,SPY,TT,24,0.846,1.0,0
2025-12-18 01:58:28,2025-12-19,SPY,LH,9,0.5,0.75,0
2025-12-18 01:58:28,2025-12-19,SPY,DTE,16,1.0,1.0,3
2025-12-18 01:58:28,2025-12-19,SPY,WEC,15,1.0,1.0,5
2025-12-18 01:58:28,2025-12-19,SPY,CMS,5,1.0,0.417,0
2025-12-18 01:58:28,2025-12-19,SPY,ECL,16,1.0,1.0,1
2025-12-18 01:58:28,2025-12-19,SPY,NOW,27,-0.5,1.0,12
2025-12-18 18:41:03,2025-12-19,SPY,PPG,14.0,1.0,1.0,1.0
2025-12-18 18:41:03,2025-12-19,SPY,ATO,7.0,0.333,0.583,3.0
2025-12-18 18:41:03,2025-12-19,SPY,OXY,18.0,1.0,1.0,4.0
2025-12-18 18:41:03,2025-12-19,SPY,WBA,2.0,0.0,0.167,1.0
2025-12-18 18:41:03,2025-12-19,SPY,ADI,18.0,1.0,1.0,17.0
2025-12-18 18:41:03,2025-12-19,SPY,PNW,15.0,0.333,1.0,2.0
2025-12-18 18:41:03,2025-12-19,SPY,PNC,17.0,1.0,1.0,7.0
2025-12-18 18:41:03,2025-12-19,SPY,NOW,29.0,-0.5,1.0,14.0
2025-12-18 18:41:03,2025-12-19,SPY,USB,27.0,1.0,1.0,3.0
2025-12-18 18:41:03,2025-12-19,SPY,LUV,24.0,1.0,1.0,2.0
2025-12-18 18:41:03,2025-12-19,SPY,COF,23.0,1.0,1.0,2.0
2025-12-18 18:41:03,2025-12-19,SPY,HBAN,19.0,1.0,1.0,1.0
2025-12-18 18:41:03,2025-12-19,SPY,TFC,25.0,1.0,1.0,5.0
2025-12-18 18:41:03,2025-12-19,SPY,WBD,29.0,1.0,1.0,4.0
2025-12-18 18:41:03,2025-12-19,SPY,FITB,22.0,0.75,1.0,5.0
2025-12-18 18:41:03,2025-12-19,SPY,C,27.0,1.0,1.0,4.0
2025-12-18 18:41:03,2025-12-19,SPY,NXPI,13.0,1.0,1.0,1.0
2025-12-18 18:41:45,2025-12-19,SPY,PPG,14,1.0,1.0,1
2025-12-18 18:41:45,2025-12-19,SPY,ATO,7,0.333,0.583,3
2025-12-18 18:41:45,2025-12-19,SPY,OXY,18,1.0,1.0,4
2025-12-18 18:41:45,2025-12-19,SPY,PNW,15,0.333,1.0,2
2025-12-18 18:41:45,2025-12-19,SPY,NOW,29,-0.5,1.0,14
2025-12-18 18:41:45,2025-12-19,SPY,IPG,4,0.0,0.333,1
2025-12-18 18:41:45,2025-12-19,SPY,ORLY,16,1.0,1.0,3
2025-12-18 18:41:45,2025-12-19,SPY,LH,9,0.5,0.75,1
2025-12-18 18:41:45,2025-12-19,SPY,T,28,1.0,1.0,5
2025-12-18 18:41:45,2025-12-19,SPY,UBER,21,-0.2,1.0,4
2025-12-18 18:41:45,2025-12-19,SPY,DTE,16,1.0,1.0,4
2025-12-18 18:41:45,2025-12-19,SPY,AZO,20,0.538,1.0,2
2025-12-18 18:41:45,2025-12-19,SPY,DLR,17,1.0,1.0,3
2025-12-18 18:41:45,2025-12-19,SPY,RMD,14,0.5,1.0,4
2025-12-18 18:41:45,2025-12-19,SPY,SJM,12,1.0,1.0,0
2025-12-18 18:41:45,2025-12-19,SPY,CMS,7,1.0,0.583,1
2025-12-18 18:41:45,2025-12-19,SPY,WEC,17,1.0,1.0,5
2025-12-18 18:41:45,2025-12-19,SPY,ETN,21,1.0,1.0,5
2025-12-18 18:41:45,2025-12-19,SPY,DOC,11,0.5,0.917,7
2025-12-18 18:41:45,2025-12-19,SPY,CCI,13,1.0,1.0,4
2025-12-18 18:41:45,2025-12-19,SPY,TT,25,0.867,1.0,0
2025-12-18 18:41:45,2025-12-19,SPY,SBAC,16,1.0,1.0,5
2025-12-18 18:41:45,2025-12-19,SPY,VST,13,1.0,1.0,3
2025-12-18 18:41:45,2025-12-19,SPY,ECL,19,1.0,1.0,2
2025-12-18 18:41:45,2025-12-19,SPY,PSKY,13,1.0,1.0,1
2025-12-18 18:41:45,2025-12-19,SPY,CFG,14,0.714,1.0,2
2025-12-18 18:41:45,2025-12-19,SPY,RSG,12,1.0,1.0,11
2025-12-18 18:41:45,2025-12-19,SPY,FOX,9,1.0,0.75,2
2025-12-18 18:41:45,2025-12-19,SPY,SMCI,15,-0.333,1.0,1
2025-12-18 18:41:45,2025-12-19,SPY,COR,11,1.0,0.917,0
2025-12-18 20:04:50,2025-12-19,SPY,OXY,19.0,1.0,1.0,5.0
2025-12-18 20:04:50,2025-12-19,SPY,ATO,7.0,0.333,0.583,3.0
2025-12-18 20:04:50,2025-12-19,SPY,PPG,14.0,1.0,1.0,2.0
2025-12-18 20:04:50,2025-12-19,SPY,WDC,24.0,1.0,1.0,4.0
2025-12-18 20:04:50,2025-12-19,SPY,WBD,26.0,1.0,1.0,4.0
2025-12-18 20:04:50,2025-12-19,SPY,PNW,15.0,0.333,1.0,2.0
2025-12-18 20:04:50,2025-12-19,SPY,TER,12.0,1.0,1.0,0.0
2025-12-18 20:04:50,2025-12-19,SPY,ALB,18.0,1.0,1.0,5.0
2025-12-18 20:04:50,2025-12-19,SPY,MU,28.0,1.0,1.0,4.0
2025-12-18 20:04:50,2025-12-19,SPY,INTC,25.0,0.6,1.0,4.0
2025-12-18 20:14:41,2025-12-19,SPY,OXY,19.0,1.0,1.0,5.0
2025-12-18 20:14:41,2025-12-19,SPY,ATO,7.0,0.333,0.583,3.0
2025-12-18 20:14:41,2025-12-19,SPY,PPG,14.0,1.0,1.0,2.0
2025-12-18 20:14:41,2025-12-19,SPY,WDC,24.0,1.0,1.0,4.0
2025-12-18 20:14:41,2025-12-19,SPY,WBD,26.0,1.0,1.0,4.0
2025-12-18 20:14:41,2025-12-19,SPY,PNW,15.0,0.333,1.0,2.0
2025-12-18 20:14:41,2025-12-19,SPY,TER,12.0,1.0,1.0,0.0
2025-12-18 20:14:41,2025-12-19,SPY,ALB,18.0,1.0,1.0,5.0
2025-12-18 20:14:41,2025-12-19,SPY,MU,28.0,1.0,1.0,4.0
2025-12-18 20:14:41,2025-12-19,SPY,INTC,25.0,0.6,1.0,4.0
2025-12-18 20:24:47,2025-12-19,SPY,OXY,19.0,1.0,1.0,5.0
2025-12-18 20:24:47,2025-12-19,SPY,ATO,7.0,0.333,0.583,3.0
2025-12-18 20:24:47,2025-12-19,SPY,PPG,17.0,1.0,1.0,3.0
2025-12-18 20:24:47,2025-12-19,SPY,WDC,23.0,1.0,1.0,3.0
2025-12-18 20:24:47,2025-12-19,SPY,WBD,26.0,1.0,1.0,4.0
2025-12-18 20:24:47,2025-12-19,SPY,PNW,15.0,0.333,1.0,2.0
2025-12-18 20:24:47,2025-12-19,SPY,TER,12.0,1.0,1.0,0.0
2025-12-18 20:24:47,2025-12-19,SPY,ALB,17.0,1.0,1.0,5.0
2025-12-18 20:24:47,2025-12-19,SPY,MU,28.0,1.0,1.0,4.0
2025-12-18 20:24:47,2025-12-19,SPY,INTC,25.0,0.6,1.0,4.0
2025-12-18 20:34:41,2025-12-19,SPY,OXY,19.0,1.0,1.0,5.0
2025-12-18 20:34:41,2025-12-19,SPY,ATO,7.0,0.333,0.583,3.0
2025-12-18 20:34:41,2025-12-19,SPY,PPG,17.0,1.0,1.0,3.0
2025-12-18 20:34:41,2025-12-19,SPY,WDC,23.0,1.0,1.0,3.0
2025-12-18 20:34:41,2025-12-19,SPY,WBD,26.0,1.0,1.0,4.0
2025-12-18 20:34:41,2025-12-19,SPY,PNW,15.0,0.333,1.0,2.0
2025-12-18 20:34:41,2025-12-19,SPY,TER,12.0,1.0,1.0,0.0
2025-12-18 20:34:41,2025-12-19,SPY,ALB,17.0,1.0,1.0,5.0
2025-12-18 20:34:41,2025-12-19,SPY,MU,28.0,1.0,1.0,4.0
2025-12-18 20:34:41,2025-12-19,SPY,INTC,25.0,0.6,1.0,4.0
2025-12-18 20:44:43,2025-12-19,SPY,OXY,19.0,1.0,1.0,5.0
2025-12-18 20:44:43,2025-12-19,SPY,ATO,7.0,0.333,0.583,3.0
2025-12-18 20:44:43,2025-12-19,SPY,PPG,17.0,1.0,1.0,4.0
2025-12-18 20:44:43,2025-12-19,SPY,WDC,23.0,1.0,1.0,3.0
2025-12-18 20:44:43,2025-12-19,SPY,WBD,26.0,1.0,1.0,4.0
2025-12-18 20:44:43,2025-12-19,SPY,PNW,15.0,0.333,1.0,2.0
2025-12-18 20:44:43,2025-12-19,SPY,TER,12.0,1.0,1.0,0.0
2025-12-18 20:44:43,2025-12-19,SPY,ALB,18.0,1.0,1.0,6.0
2025-12-18 20:44:43,2025-12-19,SPY,MU,28.0,1.0,1.0,3.0
2025-12-18 20:44:43,2025-12-19,SPY,INTC,25.0,0.6,1.0,4.0
2025-12-18 20:54:38,2025-12-19,SPY,OXY,19.0,1.0,1.0,5.0
2025-12-18 20:54:38,2025-12-19,SPY,ATO,7.0,0.333,0.583,3.0
2025-12-18 20:54:38,2025-12-19,SPY,PPG,17.0,1.0,1.0,4.0
2025-12-18 20:54:38,2025-12-19,SPY,WDC,23.0,1.0,1.0,3.0
2025-12-18 20:54:38,2025-12-19,SPY,WBD,26.0,1.0,1.0,4.0
2025-12-18 20:54:38,2025-12-19,SPY,PNW,15.0,0.333,1.0,2.0
2025-12-18 20:54:38,2025-12-19,SPY,TER,12.0,1.0,1.0,0.0
2025-12-18 20:54:38,2025-12-19,SPY,ALB,18.0,1.0,1.0,6.0
2025-12-18 20:54:38,2025-12-19,SPY,MU,28.0,1.0,1.0,3.0
2025-12-18 20:54:38,2025-12-19,SPY,INTC,25.0,0.6,1.0,4.0
2025-12-18 21:04:44,2025-12-19,SPY,OXY,19.0,1.0,1.0,5.0
2025-12-18 21:04:44,2025-12-19,SPY,ATO,7.0,0.333,0.583,3.0
2025-12-18 21:04:44,2025-12-19,SPY,PPG,17.0,1.0,1.0,4.0
2025-12-18 21:04:44,2025-12-19,SPY,WDC,23.0,1.0,1.0,3.0
2025-12-18 21:04:44,2025-12-19,SPY,WBD,26.0,1.0,1.0,4.0
2025-12-18 21:04:44,2025-12-19,SPY,PNW,15.0,0.333,1.0,2.0
2025-12-18 21:04:44,2025-12-19,SPY,TER,12.0,1.0,1.0,0.0
2025-12-18 21:04:44,2025-12-19,SPY,ALB,18.0,1.0,1.0,6.0
2025-12-18 21:04:44,2025-12-19,SPY,MU,28.0,1.0,1.0,4.0
2025-12-18 21:04:44,2025-12-19,SPY,INTC,25.0,0.6,1.0,4.0
2025-12-18 21:14:46,2025-12-19,SPY,OXY,19.0,1.0,1.0,5.0
2025-12-18 21:14:46,2025-12-19,SPY,ATO,7.0,0.333,0.583,3.0
2025-12-18 21:14:46,2025-12-19,SPY,PPG,17.0,1.0,1.0,4.0
2025-12-18 21:14:46,2025-12-19,SPY,WDC,23.0,1.0,1.0,3.0
2025-12-18 21:14:46,2025-12-19,SPY,WBD,26.0,1.0,1.0,4.0
2025-12-18 21:14:46,2025-12-19,SPY,PNW,15.0,0.333,1.0,2.0
2025-12-18 21:14:46,2025-12-19,SPY,TER,12.0,1.0,1.0,0.0
2025-12-18 21:14:46,2025-12-19,SPY,ALB,18.0,1.0,1.0,6.0
2025-12-18 21:14:46,2025-12-19,SPY,MU,28.0,1.0,1.0,4.0
2025-12-18 21:14:46,2025-12-19,SPY,INTC,25.0,0.6,1.0,4.0
2025-12-18 21:24:49,2025-12-19,SPY,OXY,20.0,1.0,1.0,6.0
2025-12-18 21:24:49,2025-12-19,SPY,ATO,7.0,0.333,0.583,3.0
2025-12-18 21:24:49,2025-12-19,SPY,PPG,16.0,1.0,1.0,4.0
2025-12-18 21:24:49,2025-12-19,SPY,WDC,23.0,1.0,1.0,3.0
2025-12-18 21:24:49,2025-12-19,SPY,WBD,26.0,1.0,1.0,4.0
2025-12-18 21:24:49,2025-12-19,SPY,PNW,15.0,0.333,1.0,2.0
2025-12-18 21:24:49,2025-12-19,SPY,TER,12.0,1.0,1.0,0.0
2025-12-18 21:24:49,2025-12-19,SPY,ALB,18.0,1.0,1.0,6.0
2025-12-18 21:24:49,2025-12-19,SPY,MU,28.0,1.0,1.0,3.0
2025-12-18 21:24:49,2025-12-19,SPY,INTC,25.0,0.6,1.0,4.0
2025-12-18 21:34:42,2025-12-19,SPY,OXY,20.0,1.0,1.0,6.0
2025-12-18 21:34:42,2025-12-19,SPY,ATO,7.0,0.333,0.583,3.0
2025-12-18 21:34:42,2025-12-19,SPY,PPG,16.0,1.0,1.0,4.0
2025-12-18 21:34:42,2025-12-19,SPY,WDC,23.0,1.0,1.0,3.0
2025-12-18 21:34:42,2025-12-19,SPY,WBD,26.0,1.0,1.0,4.0
2025-12-18 21:34:42,2025-12-19,SPY,PNW,15.0,0.333,1.0,2.0
2025-12-18 21:34:42,2025-12-19,SPY,TER,12.0,1.0,1.0,0.0
2025-12-18 21:34:42,2025-12-19,SPY,ALB,18.0,1.0,1.0,6.0
2025-12-18 21:34:42,2025-12-19,SPY,MU,28.0,1.0,1.0,3.0
2025-12-18 21:34:42,2025-12-19,SPY,INTC,25.0,0.6,1.0,4.0
2025-12-18 21:44:49,2025-12-19,SPY,OXY,19.0,1.0,1.0,6.0
2025-12-18 21:44:49,2025-12-19,SPY,ATO,8.0,0.333,0.667,4.0
2025-12-18 21:44:49,2025-12-19,SPY,PPG,17.0,1.0,1.0,4.0
2025-12-18 21:44:49,2025-12-19,SPY,WDC,23.0,1.0,1.0,3.0
2025-12-18 21:44:49,2025-12-19,SPY,WBD,26.0,1.0,1.0,4.0
2025-12-18 21:44:49,2025-12-19,SPY,PNW,15.0,0.333,1.0,2.0
2025-12-18 21:44:49,2025-12-19,SPY,TER,12.0,1.0,1.0,0.0
2025-12-18 21:44:49,2025-12-19,SPY,ALB,18.0,1.0,1.0,6.0
2025-12-18 21:44:49,2025-12-19,SPY,MU,28.0,1.0,1.0,4.0
2025-12-18 21:44:49,2025-12-19,SPY,INTC,25.0,0.6,1.0,4.0
2025-12-18 21:54:44,2025-12-19,SPY,OXY,19.0,1.0,1.0,6.0
2025-12-18 21:54:44,2025-12-19,SPY,ATO,8.0,0.333,0.667,4.0
2025-12-18 21:54:44,2025-12-19,SPY,PPG,17.0,1.0,1.0,4.0
2025-12-18 21:54:44,2025-12-19,SPY,WDC,23.0,1.0,1.0,3.0
2025-12-18 21:54:44,2025-12-19,SPY,WBD,26.0,1.0,1.0,4.0
2025-12-18 21:54:44,2025-12-19,SPY,PNW,15.0,0.333,1.0,2.0
2025-12-18 21:54:44,2025-12-19,SPY,TER,12.0,1.0,1.0,0.0
2025-12-18 21:54:44,2025-12-19,SPY,ALB,18.0,1.0,1.0,6.0
2025-12-18 21:54:44,2025-12-19,SPY,MU,28.0,1.0,1.0,4.0
2025-12-18 21:54:44,2025-12-19,SPY,INTC,25.0,0.6,1.0,4.0
2025-12-18 22:04:49,2025-12-19,SPY,OXY,19.0,1.0,1.0,6.0
2025-12-18 22:04:49,2025-12-19,SPY,ATO,8.0,0.333,0.667,4.0
2025-12-18 22:04:49,2025-12-19,SPY,PPG,16.0,1.0,1.0,4.0
2025-12-18 22:04:49,2025-12-19,SPY,WDC,23.0,1.0,1.0,3.0
2025-12-18 22:04:49,2025-12-19,SPY,WBD,26.0,1.0,1.0,4.0
2025-12-18 22:04:49,2025-12-19,SPY,PNW,15.0,0.333,1.0,2.0
2025-12-18 22:04:49,2025-12-19,SPY,TER,12.0,1.0,1.0,0.0
2025-12-18 22:04:49,2025-12-19,SPY,ALB,18.0,1.0,1.0,6.0
2025-12-18 22:04:49,2025-12-19,SPY,MU,28.0,1.0,1.0,4.0
2025-12-18 22:04:49,2025-12-19,SPY,INTC,25.0,0.6,1.0,4.0
2025-12-18 22:14:43,2025-12-19,SPY,OXY,19.0,1.0,1.0,6.0
2025-12-18 22:14:43,2025-12-19,SPY,ATO,8.0,0.333,0.667,4.0
2025-12-18 22:14:43,2025-12-19,SPY,PPG,16.0,1.0,1.0,4.0
2025-12-18 22:14:43,2025-12-19,SPY,WDC,23.0,1.0,1.0,3.0
2025-12-18 22:14:43,2025-12-19,SPY,WBD,26.0,1.0,1.0,4.0
2025-12-18 22:14:43,2025-12-19,SPY,PNW,15.0,0.333,1.0,2.0
2025-12-18 22:14:43,2025-12-19,SPY,TER,12.0,1.0,1.0,0.0
2025-12-18 22:14:43,2025-12-19,SPY,ALB,18.0,1.0,1.0,6.0
2025-12-18 22:14:43,2025-12-19,SPY,MU,28.0,1.0,1.0,4.0
2025-12-18 22:14:43,2025-12-19,SPY,INTC,25.0,0.6,1.0,4.0
2025-12-19 23:06:51,2025-12-19,SPY,AVGO,27.0,1.0,1.0,3.0
2025-12-19 23:06:51,2025-12-19,SPY,ORCL,28.0,1.0,1.0,1.0
2025-12-19 23:06:51,2025-12-19,SPY,AAPL,25.0,1.0,1.0,6.0
2025-12-19 23:06:51,2025-12-19,SPY,PEP,18.0,0.6,1.0,3.0
2025-12-19 23:06:51,2025-12-19,SPY,NFLX,26.0,1.0,1.0,3.0
2025-12-19 23:06:51,2025-12-19,SPY,BBY,7.0,1.0,0.583,1.0
2025-12-19 23:06:51,2025-12-19,SPY,NVDA,30.0,0.0,1.0,4.0
2025-12-19 23:06:51,2025-12-19,SPY,GOOGL,25.0,0.6,1.0,1.0
2025-12-19 23:06:51,2025-12-19,SPY,EBAY,19.0,1.0,1.0,4.0
2025-12-19 23:06:51,2025-12-19,SPY,HD,20.0,0.0,1.0,5.0
2025-12-19 23:06:51,2025-12-19,SPY,COST,30.0,0.5,1.0,15.0
2025-12-19 23:06:51,2025-12-19,SPY,JPM,27.0,1.0,1.0,4.0
2025-12-19 23:06:51,2025-12-19,SPY,XOM,20.0,1.0,1.0,3.0
2025-12-19 23:06:51,2025-12-19,SPY,BAC,27.0,1.0,1.0,6.0
2025-12-19 23:06:51,2025-12-19,SPY,TJX,20.0,1.0,1.0,1.0
2025-12-19 23:06:51,2025-12-19,SPY,MSFT,25.0,1.0,1.0,4.0
2025-12-19 23:06:51,2025-12-19,SPY,CRM,16.0,0.0,1.0,1.0
2025-12-19 23:06:51,2025-12-19,SPY,ULTA,10.0,1.0,0.833,1.0
2025-12-19 23:06:51,2025-12-19,SPY,MA,28.0,0.0,1.0,4.0
2025-12-19 23:06:51,2025-12-19,SPY,MRK,20.0,0.75,1.0,3.0
2025-12-19 23:06:51,2025-12-19,SPY,AMZN,27.0,1.0,1.0,5.0
2025-12-19 23:06:51,2025-12-19,SPY,TMO,20.0,1.0,1.0,5.0
2025-12-19 23:06:51,2025-12-19,SPY,DIS,17.0,0.333,1.0,3.0
2025-12-19 23:06:51,2025-12-19,SPY,META,23.0,0.5,1.0,3.0
2025-12-19 23:07:33,2025-12-19,SPY,AVGO,27,1.0,1.0,3
2025-12-19 23:07:33,2025-12-19,SPY,ORCL,28,1.0,1.0,1
2025-12-19 23:07:33,2025-12-19,SPY,PEP,18,0.6,1.0,3
2025-12-19 23:07:33,2025-12-19,SPY,NFLX,26,1.0,1.0,3
2025-12-19 23:07:33,2025-12-19,SPY,BBY,7,1.0,0.583,1
2025-12-19 23:07:33,2025-12-19,SPY,NVDA,30,0.0,1.0,4
2025-12-19 23:07:33,2025-12-19,SPY,GOOGL,25,0.6,1.0,1
2025-12-19 23:07:33,2025-12-19,SPY,EBAY,19,1.0,1.0,4
2025-12-19 23:07:33,2025-12-19,SPY,HD,20,0.0,1.0,5
2025-12-19 23:07:33,2025-12-19,SPY,COST,30,0.5,1.0,15
2025-12-19 23:07:33,2025-12-19,SPY,JPM,27,1.0,1.0,4
2025-12-19 23:07:33,2025-12-19,SPY,XOM,20,1.0,1.0,3
2025-12-19 23:07:33,2025-12-19,SPY,BAC,27,1.0,1.0,6
2025-12-19 23:07:33,2025-12-19,SPY,TJX,20,1.0,1.0,1
2025-12-19 23:07:33,2025-12-19,SPY,AAPL,25,1.0,1.0,6
2025-12-19 23:07:33,2025-12-19,SPY,MSFT,25,1.0,1.0,4
2025-12-19 23:07:33,2025-12-19,SPY,CRM,16,0.0,1.0,1
2025-12-19 23:07:33,2025-12-19,SPY,ULTA,10,1.0,0.833,1
2025-12-19 23:07:33,2025-12-19,SPY,MA,28,0.0,1.0,4
2025-12-19 23:07:33,2025-12-19,SPY,MRK,20,0.75,1.0,3
2025-12-19 23:07:33,2025-12-19,SPY,AMZN,27,1.0,1.0,5
2025-12-19 23:07:33,2025-12-19,SPY,TMO,20,1.0,1.0,5
2025-12-19 23:07:33,2025-12-19,SPY,DIS,17,0.333,1.0,3
2025-12-19 23:07:33,2025-12-19,SPY,META,23,0.5,1.0,3
2025-12-19 23:07:33,2025-12-19,SPY,DG,17,0.667,1.0,3
2025-12-19 23:49:35,2025-12-19,SPY,AVGO,27.0,1.0,1.0,3.0
2025-12-19 23:49:35,2025-12-19,SPY,ORCL,28.0,1.0,1.0,1.0
2025-12-19 23:49:35,2025-12-19,SPY,AAPL,25.0,1.0,1.0,7.0
2025-12-19 23:49:35,2025-12-19,SPY,PEP,18.0,0.6,1.0,3.0
2025-12-19 23:49:35,2025-12-19,SPY,NFLX,25.0,1.0,1.0,3.0
2025-12-19 23:49:35,2025-12-19,SPY,BBY,7.0,1.0,0.583,1.0
2025-12-19 23:49:35,2025-12-19,SPY,NVDA,30.0,0.0,1.0,4.0
2025-12-19 23:49:35,2025-12-19,SPY,GOOGL,24.0,0.6,1.0,1.0
2025-12-19 23:49:35,2025-12-19,SPY,EBAY,19.0,1.0,1.0,4.0
2025-12-19 23:49:35,2025-12-19,SPY,HD,20.0,0.0,1.0,6.0
2025-12-19 23:49:35,2025-12-19,SPY,COST,30.0,0.667,1.0,14.0
2025-12-19 23:49:35,2025-12-19,SPY,JPM,27.0,1.0,1.0,4.0
2025-12-19 23:49:35,2025-12-19,SPY,XOM,20.0,1.0,1.0,3.0
2025-12-19 23:49:35,2025-12-19,SPY,BAC,26.0,1.0,1.0,6.0
2025-12-19 23:49:35,2025-12-19,SPY,TJX,19.0,1.0,1.0,1.0
2025-12-19 23:49:35,2025-12-19,SPY,MSFT,26.0,1.0,1.0,5.0
2025-12-19 23:49:35,2025-12-19,SPY,CRM,16.0,0.0,1.0,1.0
2025-12-19 23:49:35,2025-12-19,SPY,ULTA,10.0,1.0,0.833,1.0
2025-12-19 23:49:35,2025-12-19,SPY,MA,28.0,0.0,1.0,4.0
2025-12-19 23:49:35,2025-12-19,SPY,MRK,21.0,0.75,1.0,3.0
2025-12-19 23:49:35,2025-12-19,SPY,AMZN,27.0,1.0,1.0,5.0
2025-12-19 23:49:35,2025-12-19,SPY,TMO,21.0,1.0,1.0,5.0
2025-12-19 23:49:35,2025-12-19,SPY,DIS,17.0,0.333,1.0,3.0
2025-12-19 23:49:35,2025-12-19,SPY,META,23.0,0.333,1.0,3.0
2025-12-19 23:51:27,2025-12-19,SPY,AVGO,27,1.0,1.0,3
2025-12-19 23:51:27,2025-12-19,SPY,ORCL,28,1.0,1.0,1
2025-12-19 23:51:27,2025-12-19,SPY,PEP,18,0.6,1.0,3
2025-12-19 23:51:27,2025-12-19,SPY,NFLX,25,1.0,1.0,3
2025-12-19 23:51:27,2025-12-19,SPY,BBY,7,1.0,0.583,1
2025-12-19 23:51:27,2025-12-19,SPY,NVDA,30,0.0,1.0,4
2025-12-19 23:51:27,2025-12-19,SPY,GOOGL,24,0.6,1.0,1
2025-12-19 23:51:27,2025-12-19,SPY,EBAY,19,1.0,1.0,4
2025-12-19 23:51:27,2025-12-19,SPY,HD,20,0.0,1.0,6
2025-12-19 23:51:27,2025-12-19,SPY,COST,30,0.667,1.0,14
2025-12-19 23:51:27,2025-12-19,SPY,JPM,27,1.0,1.0,4
2025-12-19 23:51:27,2025-12-19,SPY,XOM,20,1.0,1.0,3
2025-12-19 23:51:27,2025-12-19,SPY,BAC,26,1.0,1.0,6
2025-12-19 23:51:27,2025-12-19,SPY,TJX,19,1.0,1.0,1
2025-12-19 23:51:27,2025-12-19,SPY,AAPL,25,1.0,1.0,7
2025-12-19 23:51:27,2025-12-19,SPY,MSFT,26,1.0,1.0,5
2025-12-19 23:51:27,2025-12-19,SPY,CRM,16,0.0,1.0,1
2025-12-19 23:51:27,2025-12-19,SPY,ULTA,10,1.0,0.833,1
2025-12-19 23:51:27,2025-12-19,SPY,MA,28,0.0,1.0,4
2025-12-19 23:51:27,2025-12-19,SPY,MRK,21,0.75,1.0,3
2025-12-19 23:51:27,2025-12-19,SPY,AMZN,27,1.0,1.0,5
2025-12-19 23:51:27,2025-12-19,SPY,TMO,21,1.0,1.0,5
2025-12-19 23:51:27,2025-12-19,SPY,DIS,17,0.333,1.0,3
2025-12-19 23:51:27,2025-12-19,SPY,META,23,0.333,1.0,3
2025-12-19 23:51:27,2025-12-19,SPY,DG,17,0.667,1.0,3
2025-12-20 00:17:00,2025-12-19,SPY,LULU,22.0,0.5,1.0,2.0
2025-12-20 00:17:00,2025-12-19,SPY,MCD,22.0,1.0,1.0,1.0
2025-12-20 00:17:00,2025-12-19,SPY,TSLA,30.0,1.0,1.0,4.0
2025-12-20 00:17:00,2025-12-19,SPY,ABNB,20.0,1.0,1.0,2.0
2025-12-20 00:17:00,2025-12-19,SPY,DLTR,17.0,1.0,1.0,3.0
2025-12-20 00:17:00,2025-12-19,SPY,TGT,13.0,0.0,1.0,1.0
2025-12-20 00:17:00,2025-12-19,SPY,UPS,18.0,1.0,1.0,4.0
2025-12-20 00:17:00,2025-12-19,SPY,AAPL,24.0,1.0,1.0,6.0
2025-12-20 00:17:00,2025-12-19,SPY,BKNG,19.0,1.0,1.0,0.0
2025-12-20 00:17:00,2025-12-19,SPY,DG,17.0,0.667,1.0,3.0
2025-12-20 00:17:00,2025-12-19,SPY,WMT,17.0,1.0,1.0,2.0
2025-12-20 00:17:00,2025-12-19,SPY,ROST,16.0,1.0,1.0,2.0
2025-12-20 00:17:00,2025-12-19,SPY,ADBE,18.0,-0.556,1.0,2.0
2025-12-20 00:17:00,2025-12-19,SPY,DIS,18.0,0.333,1.0,3.0
2025-12-20 00:17:00,2025-12-19,SPY,ULTA,10.0,1.0,0.833,1.0
2025-12-20 00:17:00,2025-12-19,SPY,FDX,30.0,1.0,1.0,12.0
2025-12-20 00:17:00,2025-12-19,SPY,LOW,20.0,1.0,1.0,0.0
2025-12-20 00:17:00,2025-12-19,SPY,PG,19.0,0.333,1.0,4.0
2025-12-20 00:17:00,2025-12-19,SPY,UNH,19.0,1.0,1.0,2.0
2025-12-20 00:17:00,2025-12-19,SPY,V,26.0,0.333,1.0,16.0
2025-12-20 00:17:00,2025-12-19,SPY,TJX,20.0,1.0,1.0,1.0
2025-12-20 00:17:00,2025-12-19,SPY,META,24.0,0.333,1.0,4.0
2025-12-20 00:17:00,2025-12-19,SPY,MA,28.0,0.0,1.0,4.0
2025-12-20 00:17:00,2025-12-19,SPY,SBUX,16.0,0.667,1.0,3.0
2025-12-20 00:17:00,2025-12-19,SPY,JPM,27.0,1.0,1.0,4.0
2025-12-20 00:17:54,2025-12-19,SPY,LULU,22,0.5,1.0,2
2025-12-20 00:17:54,2025-12-19,SPY,DG,17,0.667,1.0,3
2025-12-20 00:17:54,2025-12-19,SPY,MCD,22,1.0,1.0,1
2025-12-20 00:17:54,2025-12-19,SPY,TSLA,30,1.0,1.0,4
2025-12-20 00:17:54,2025-12-19,SPY,ABNB,20,1.0,1.0,2
2025-12-20 00:17:54,2025-12-19,SPY,DLTR,17,1.0,1.0,3
2025-12-20 00:17:54,2025-12-19,SPY,TGT,13,0.0,1.0,1
2025-12-20 00:17:54,2025-12-19,SPY,UPS,18,1.0,1.0,4
2025-12-20 00:17:54,2025-12-19,SPY,BKNG,19,1.0,1.0,0
2025-12-20 00:17:54,2025-12-19,SPY,WMT,17,1.0,1.0,2
2025-12-20 00:17:54,2025-12-19,SPY,ROST,16,1.0,1.0,2
2025-12-20 00:17:54,2025-12-19,SPY,ADBE,18,-0.556,1.0,2
2025-12-20 00:17:54,2025-12-19,SPY,DIS,18,0.333,1.0,3
2025-12-20 00:17:54,2025-12-19,SPY,ULTA,10,1.0,0.833,1
2025-12-20 00:17:54,2025-12-19,SPY,FDX,30,1.0,1.0,12
2025-12-20 00:17:54,2025-12-19,SPY,LOW,20,1.0,1.0,0
2025-12-20 00:17:54,2025-12-19,SPY,PG,19,0.333,1.0,4
2025-12-20 00:17:54,2025-12-19,SPY,UNH,19,1.0,1.0,2
2025-12-20 00:17:54,2025-12-19,SPY,V,26,0.333,1.0,16
2025-12-20 00:17:54,2025-12-19,SPY,TJX,20,1.0,1.0,1
2025-12-20 00:17:54,2025-12-19,SPY,META,24,0.333,1.0,4
2025-12-20 00:17:54,2025-12-19,SPY,MA,28,0.0,1.0,4
2025-12-20 00:17:54,2025-12-19,SPY,SBUX,16,0.667,1.0,3
2025-12-20 00:17:54,2025-12-19,SPY,JPM,27,1.0,1.0,4
2025-12-20 00:17:54,2025-12-19,SPY,XOM,22,1.0,1.0,5
2025-12-20 00:17:54,2025-12-19,SPY,EBAY,19,1.0,1.0,4
2025-12-20 00:17:54,2025-12-19,SPY,HD,19,0.0,1.0,5
2025-12-20 00:17:54,2025-12-19,SPY,TMO,21,1.0,1.0,5
2025-12-20 00:17:54,2025-12-19,SPY,PEP,16,0.5,1.0,3
2025-12-20 00:17:54,2025-12-19,SPY,NFLX,25,1.0,1.0,3
2025-12-20 00:17:54,2025-12-19,SPY,BBY,6,1.0,0.5,1
2025-12-20 00:17:54,2025-12-19,SPY,AMZN,27,1.0,1.0,5
2025-12-20 00:17:54,2025-12-19,SPY,MRK,21,0.75,1.0,3
2025-12-20 00:17:54,2025-12-19,SPY,MSFT,25,1.0,1.0,5
2025-12-20 00:17:54,2025-12-19,SPY,AAPL,24,1.0,1.0,6
2025-12-20 00:17:54,2025-12-19,SPY,BAC,26,1.0,1.0,6
2025-12-20 00:17:54,2025-12-19,SPY,GOOGL,23,0.5,1.0,1
2025-12-20 00:17:54,2025-12-19,SPY,NVDA,30,0.0,1.0,4
2025-12-20 00:17:54,2025-12-19,SPY,ORCL,28,1.0,1.0,1
2025-12-20 00:17:54,2025-12-19,SPY,COST,30,0.333,1.0,15
2025-12-20 00:17:54,2025-12-19,SPY,CRM,16,0.0,1.0,1
2025-12-20 00:17:54,2025-12-19,SPY,AVGO,27,1.0,1.0,3
2025-12-20 00:43:39,2025-12-19,SPY,MCD,23.0,1.0,1.0,1.0
2025-12-20 00:43:39,2025-12-19,SPY,AVGO,27.0,1.0,1.0,3.0
2025-12-20 00:43:39,2025-12-19,SPY,MRK,20.0,0.75,1.0,3.0
2025-12-20 00:43:39,2025-12-19,SPY,AAPL,25.0,1.0,1.0,7.0
2025-12-20 00:43:39,2025-12-19,SPY,ORCL,28.0,1.0,1.0,1.0
2025-12-20 00:43:39,2025-12-19,SPY,GOOGL,23.0,0.5,1.0,1.0
2025-12-20 00:43:39,2025-12-19,SPY,NVDA,30.0,0.0,1.0,4.0
2025-12-20 00:43:39,2025-12-19,SPY,TMO,21.0,1.0,1.0,5.0
2025-12-20 00:43:39,2025-12-19,SPY,BAC,25.0,1.0,1.0,6.0
2025-12-20 00:43:39,2025-12-19,SPY,BBY,8.0,1.0,0.667,2.0
2025-12-20 00:43:39,2025-12-19,SPY,AMZN,27.0,1.0,1.0,5.0
2025-12-20 00:43:39,2025-12-19,SPY,EBAY,19.0,1.0,1.0,4.0
2025-12-20 00:43:39,2025-12-19,SPY,UNH,19.0,1.0,1.0,2.0
2025-12-20 00:43:39,2025-12-19,SPY,MSFT,25.0,1.0,1.0,5.0
2025-12-20 00:43:39,2025-12-19,SPY,LLY,22.0,1.0,1.0,2.0
2025-12-20 00:43:39,2025-12-19,SPY,DLTR,17.0,1.0,1.0,3.0
2025-12-20 00:43:39,2025-12-19,SPY,CSCO,22.0,1.0,1.0,3.0
2025-12-20 00:43:39,2025-12-19,SPY,COST,30.0,0.333,1.0,15.0
2025-12-20 00:43:39,2025-12-19,SPY,NFLX,24.0,1.0,1.0,3.0
2025-12-20 00:43:39,2025-12-19,SPY,META,25.0,0.5,1.0,3.0
2025-12-20 00:43:39,2025-12-19,SPY,UPS,18.0,1.0,1.0,4.0
2025-12-20 00:43:39,2025-12-19,SPY,TSLA,30.0,1.0,1.0,4.0
2025-12-20 00:43:39,2025-12-19,SPY,JPM,27.0,1.0,1.0,4.0
2025-12-20 00:43:39,2025-12-19,SPY,KO,23.0,0.667,1.0,2.0
2025-12-20 00:43:39,2025-12-19,SPY,SBUX,16.0,0.667,1.0,3.0
2025-12-20 00:43:39,2025-12-19,SPY,ULTA,11.0,1.0,0.917,2.0
2025-12-20 00:43:39,2025-12-19,SPY,ABBV,22.0,1.0,1.0,4.0
2025-12-20 00:43:39,2025-12-19,SPY,NKE,30.0,0.692,1.0,3.0
2025-12-20 00:43:39,2025-12-19,SPY,FDX,30.0,1.0,1.0,12.0
2025-12-20 00:43:39,2025-12-19,SPY,LOW,20.0,1.0,1.0,0.0
2025-12-20 00:43:57,2025-12-19,SPY,AVGO,27,1.0,1.0,3
2025-12-20 00:43:57,2025-12-19,SPY,MRK,20,0.75,1.0,3
2025-12-20 00:43:57,2025-12-19,SPY,ORCL,28,1.0,1.0,1
2025-12-20 00:43:57,2025-12-19,SPY,GOOGL,23,0.5,1.0,1
2025-12-20 00:43:57,2025-12-19,SPY,NVDA,30,0.0,1.0,4
2025-12-20 00:43:57,2025-12-19,SPY,TMO,21,1.0,1.0,5
2025-12-20 00:43:57,2025-12-19,SPY,BAC,25,1.0,1.0,6
2025-12-20 00:43:57,2025-12-19,SPY,BBY,8,1.0,0.667,2
2025-12-20 00:43:57,2025-12-19,SPY,AAPL,25,1.0,1.0,7
2025-12-20 00:43:57,2025-12-19,SPY,AMZN,27,1.0,1.0,5
2025-12-20 00:43:57,2025-12-19,SPY,EBAY,19,1.0,1.0,4
2025-12-20 00:43:57,2025-12-19,SPY,MSFT,25,1.0,1.0,5
2025-12-20 00:43:57,2025-12-19,SPY,COST,30,0.333,1.0,15
2025-12-20 00:43:57,2025-12-19,SPY,NFLX,24,1.0,1.0,3
2025-12-20 00:43:57,2025-12-19,SPY,META,25,0.5,1.0,3
2025-12-20 00:43:57,2025-12-19,SPY,JPM,27,1.0,1.0,4
2025-12-20 00:43:57,2025-12-19,SPY,ULTA,11,1.0,0.917,2
2025-12-20 00:43:57,2025-12-19,SPY,XOM,20,1.0,1.0,3
2025-12-20 00:43:57,2025-12-19,SPY,CRM,15,0.0,1.0,1
2025-12-20 00:43:57,2025-12-19,SPY,MA,28,0.0,1.0,4
2025-12-20 00:43:57,2025-12-19,SPY,TJX,18,1.0,1.0,1
2025-12-20 00:43:57,2025-12-19,SPY,HD,19,0.0,1.0,5
2025-12-20 00:43:57,2025-12-19,SPY,DG,17,0.667,1.0,3
2025-12-20 00:43:57,2025-12-19,SPY,DIS,18,0.333,1.0,3
2025-12-20 00:43:57,2025-12-19,SPY,PEP,15,0.5,1.0,2
2025-12-20 00:49:54,2025-12-19,SPY,MCD,23.0,1.0,1.0,1.0
2025-12-20 00:49:54,2025-12-19,SPY,AVGO,27.0,1.0,1.0,3.0
2025-12-20 00:49:54,2025-12-19,SPY,MRK,20.0,0.75,1.0,3.0
2025-12-20 00:49:54,2025-12-19,SPY,AAPL,25.0,1.0,1.0,7.0
2025-12-20 00:49:54,2025-12-19,SPY,ORCL,28.0,1.0,1.0,1.0
2025-12-20 00:49:54,2025-12-19,SPY,GOOGL,23.0,0.5,1.0,1.0
2025-12-20 00:49:54,2025-12-19,SPY,NVDA,30.0,0.0,1.0,4.0
2025-12-20 00:49:54,2025-12-19,SPY,TMO,21.0,1.0,1.0,5.0
2025-12-20 00:49:54,2025-12-19,SPY,BAC,25.0,1.0,1.0,6.0
2025-12-20 00:49:54,2025-12-19,SPY,BBY,8.0,1.0,0.667,2.0
2025-12-20 00:49:54,2025-12-19,SPY,AMZN,27.0,1.0,1.0,5.0
2025-12-20 00:49:54,2025-12-19,SPY,EBAY,19.0,1.0,1.0,4.0
2025-12-20 00:49:54,2025-12-19,SPY,UNH,19.0,1.0,1.0,2.0
2025-12-20 00:49:54,2025-12-19,SPY,MSFT,25.0,1.0,1.0,5.0
2025-12-20 00:49:54,2025-12-19,SPY,LLY,22.0,1.0,1.0,2.0
2025-12-20 00:49:54,2025-12-19,SPY,DLTR,17.0,1.0,1.0,3.0
2025-12-20 00:49:54,2025-12-19,SPY,CSCO,22.0,1.0,1.0,3.0
2025-12-20 00:49:54,2025-12-19,SPY,COST,30.0,0.333,1.0,15.0
2025-12-20 00:49:54,2025-12-19,SPY,NFLX,24.0,1.0,1.0,3.0
2025-12-20 00:49:54,2025-12-19,SPY,META,25.0,0.5,1.0,3.0
2025-12-20 00:49:54,2025-12-19,SPY,UPS,18.0,1.0,1.0,4.0
2025-12-20 00:49:54,2025-12-19,SPY,TSLA,30.0,1.0,1.0,4.0
2025-12-20 00:49:54,2025-12-19,SPY,JPM,27.0,1.0,1.0,4.0
2025-12-20 00:49:54,2025-12-19,SPY,KO,23.0,0.667,1.0,2.0
2025-12-20 00:49:54,2025-12-19,SPY,SBUX,16.0,0.667,1.0,3.0
2025-12-20 00:49:54,2025-12-19,SPY,ULTA,11.0,1.0,0.917,2.0
2025-12-20 00:49:54,2025-12-19,SPY,ABBV,22.0,1.0,1.0,4.0
2025-12-20 00:49:54,2025-12-19,SPY,NKE,30.0,0.692,1.0,3.0
2025-12-20 00:49:54,2025-12-19,SPY,FDX,30.0,1.0,1.0,12.0
2025-12-20 00:49:54,2025-12-19,SPY,LOW,20.0,1.0,1.0,0.0
2025-12-20 00:52:19,2025-12-19,SPY,MCD,23.0,1.0,1.0,1.0
2025-12-20 00:52:19,2025-12-19,SPY,LLY,22.0,1.0,1.0,2.0
2025-12-20 00:52:19,2025-12-19,SPY,TMO,21.0,1.0,1.0,5.0
2025-12-20 00:52:19,2025-12-19,SPY,ABBV,21.0,1.0,1.0,4.0
2025-12-20 00:52:19,2025-12-19,SPY,CSCO,22.0,1.0,1.0,3.0
2025-12-20 00:52:19,2025-12-19,SPY,GOOGL,23.0,0.5,1.0,1.0
2025-12-20 00:52:19,2025-12-19,SPY,KO,23.0,0.667,1.0,2.0
2025-12-20 00:52:19,2025-12-19,SPY,FCX,17.0,0.636,1.0,0.0
2025-12-20 00:52:19,2025-12-19,SPY,AVGO,27.0,1.0,1.0,3.0
2025-12-20 00:52:19,2025-12-19,SPY,UPS,18.0,1.0,1.0,4.0
2025-12-20 00:52:19,2025-12-19,SPY,FDX,30.0,1.0,1.0,12.0
2025-12-20 00:52:19,2025-12-19,SPY,NVDA,30.0,0.0,1.0,4.0
2025-12-20 00:52:19,2025-12-19,SPY,AAPL,25.0,1.0,1.0,7.0
2025-12-20 00:52:19,2025-12-19,SPY,AMZN,27.0,1.0,1.0,5.0
2025-12-20 00:52:19,2025-12-19,SPY,ROST,16.0,1.0,1.0,2.0
2025-12-20 00:52:19,2025-12-19,SPY,TGT,12.0,0.0,1.0,1.0
2025-12-20 00:52:19,2025-12-19,SPY,TJX,21.0,1.0,1.0,1.0
2025-12-20 00:52:19,2025-12-19,SPY,XOM,20.0,1.0,1.0,3.0
2025-12-20 00:52:19,2025-12-19,SPY,BAC,25.0,1.0,1.0,6.0
2025-12-20 00:52:19,2025-12-19,SPY,BBY,7.0,1.0,0.583,1.0
2025-12-20 00:52:19,2025-12-19,SPY,MSFT,25.0,1.0,1.0,5.0
2025-12-20 00:52:19,2025-12-19,SPY,WMT,17.0,1.0,1.0,2.0
2025-12-20 00:52:19,2025-12-19,SPY,JPM,26.0,1.0,1.0,4.0
2025-12-20 00:52:19,2025-12-19,SPY,LOW,20.0,1.0,1.0,0.0
2025-12-20 00:52:19,2025-12-19,SPY,SBUX,16.0,0.667,1.0,3.0
2025-12-20 00:52:19,2025-12-19,SPY,NFLX,24.0,1.0,1.0,3.0
2025-12-20 00:52:19,2025-12-19,SPY,COST,30.0,0.429,1.0,14.0
2025-12-20 00:52:19,2025-12-19,SPY,MRK,21.0,0.778,1.0,3.0
2025-12-20 00:52:19,2025-12-19,SPY,DLTR,17.0,1.0,1.0,3.0
2025-12-20 00:52:19,2025-12-19,SPY,EBAY,19.0,1.0,1.0,4.0
2025-12-20 16:41:28,2025-12-19,SPY,PEP,17.0,0.6,1.0,2.0
2025-12-20 16:41:28,2025-12-19,SPY,MCD,21.0,1.0,1.0,2.0
2025-12-20 16:41:28,2025-12-19,SPY,CRM,14.0,0.0,1.0,1.0
2025-12-20 16:41:28,2025-12-19,SPY,ORCL,27.0,1.0,1.0,1.0
2025-12-20 16:41:28,2025-12-19,SPY,BBY,9.0,1.0,0.75,2.0
2025-12-20 16:41:28,2025-12-19,SPY,NFLX,25.0,1.0,1.0,3.0
2025-12-20 16:41:28,2025-12-19,SPY,AVGO,29.0,1.0,1.0,6.0
2025-12-20 16:41:28,2025-12-19,SPY,BAC,20.0,1.0,1.0,4.0
2025-12-20 16:41:28,2025-12-19,SPY,FCX,17.0,0.8,1.0,0.0
2025-12-20 16:41:28,2025-12-19,SPY,DG,17.0,0.5,1.0,3.0
2025-12-20 16:41:28,2025-12-19,SPY,NVDA,30.0,-1.0,1.0,5.0
2025-12-20 16:41:28,2025-12-19,SPY,MSFT,28.0,1.0,1.0,6.0
2025-12-20 16:41:28,2025-12-19,SPY,BKNG,15.0,1.0,1.0,0.0
2025-12-20 16:41:28,2025-12-19,SPY,GOOGL,25.0,0.75,1.0,0.0
2025-12-20 16:41:28,2025-12-19,SPY,KO,23.0,0.714,1.0,3.0
2025-12-20 16:41:28,2025-12-19,SPY,ULTA,8.0,1.0,0.667,1.0
2025-12-20 16:41:28,2025-12-19,SPY,DIS,16.0,0.333,1.0,1.0
2025-12-20 16:41:28,2025-12-19,SPY,AMZN,23.0,0.0,1.0,3.0
2025-12-20 16:41:28,2025-12-19,SPY,COST,30.0,1.0,1.0,16.0
2025-12-20 16:41:28,2025-12-19,SPY,MA,27.0,0.5,1.0,3.0
2025-12-20 16:41:28,2025-12-19,SPY,ABBV,19.0,1.0,1.0,5.0
2025-12-20 16:41:28,2025-12-19,SPY,HD,18.0,0.333,1.0,4.0
2025-12-20 16:41:28,2025-12-19,SPY,V,26.0,1.0,1.0,13.0
2025-12-20 16:41:28,2025-12-19,SPY,PG,19.0,1.0,1.0,3.0
2025-12-20 16:41:28,2025-12-19,SPY,MRK,20.0,0.778,1.0,3.0
2025-12-20 16:41:28,2025-12-19,SPY,WMT,14.0,1.0,1.0,2.0
2025-12-20 16:41:28,2025-12-19,SPY,JPM,26.0,1.0,1.0,5.0
2025-12-20 16:41:28,2025-12-19,SPY,TMO,23.0,1.0,1.0,6.0
2025-12-20 16:41:28,2025-12-19,SPY,TJX,17.0,1.0,1.0,1.0
2025-12-20 16:41:28,2025-12-19,SPY,LOW,26.0,0.6,1.0,2.0
2025-12-20 16:55:55,2025-12-19,SPY,MCD,16.0,1.0,1.0,0.0
2025-12-20 16:55:55,2025-12-19,SPY,ORCL,6.0,1.0,0.5,0.0
2025-12-20 16:55:55,2025-12-19,SPY,AVGO,1.0,0.0,0.083,0.0
2025-12-20 16:55:55,2025-12-19,SPY,CRM,1.0,0.0,0.083,0.0
2025-12-20 16:55:55,2025-12-19,SPY,PEP,7.0,1.0,0.583,0.0
2025-12-20 16:55:55,2025-12-19,SPY,NFLX,2.0,1.0,0.167,0.0
2025-12-20 16:55:55,2025-12-19,SPY,HD,12.0,1.0,1.0,3.0
2025-12-20 16:55:55,2025-12-19,SPY,LULU,3.0,1.0,0.25,0.0
2025-12-20 16:55:55,2025-12-19,SPY,UNH,8.0,1.0,0.667,1.0
2025-12-20 16:55:55,2025-12-19,SPY,ULTA,1.0,1.0,0.083,0.0
2025-12-20 16:55:55,2025-12-19,SPY,META,2.0,1.0,0.167,0.0
2025-12-20 16:55:55,2025-12-19,SPY,ADBE,4.0,1.0,0.333,0.0
2025-12-20 16:55:55,2025-12-19,SPY,NKE,4.0,1.0,0.333,0.0
2025-12-20 16:55:55,2025-12-19,SPY,BBY,4.0,0.0,0.333,0.0
2025-12-20 16:55:55,2025-12-19,SPY,NVDA,7.0,1.0,0.583,2.0
2025-12-20 16:55:55,2025-12-19,SPY,COST,3.0,1.0,0.25,1.0
2025-12-20 16:55:55,2025-12-19,SPY,EBAY,8.0,1.0,0.667,1.0
2025-12-20 16:55:55,2025-12-19,SPY,TGT,3.0,1.0,0.25,0.0
2025-12-20 16:55:55,2025-12-19,SPY,SBUX,10.0,1.0,0.833,0.0
2025-12-20 16:55:55,2025-12-19,SPY,MRK,6.0,1.0,0.5,1.0
2025-12-20 16:55:55,2025-12-19,SPY,AAPL,8.0,1.0,0.667,0.0
2025-12-20 16:55:55,2025-12-19,SPY,LOW,0.0,0.0,0.0,0.0
2025-12-20 16:55:55,2025-12-19,SPY,WMT,5.0,1.0,0.417,0.0
2025-12-20 16:55:55,2025-12-19,SPY,DIS,8.0,1.0,0.667,1.0
2025-12-20 16:55:55,2025-12-19,SPY,BAC,4.0,1.0,0.333,0.0
2025-12-20 16:55:55,2025-12-19,SPY,JPM,5.0,1.0,0.417,3.0
2025-12-20 16:55:55,2025-12-19,SPY,BKNG,8.0,1.0,0.667,0.0
2025-12-20 16:55:55,2025-12-19,SPY,DLTR,4.0,1.0,0.333,0.0
2025-12-20 16:55:55,2025-12-19,SPY,XOM,11.0,0.778,0.917,1.0
2025-12-20 16:55:55,2025-12-19,SPY,GOOGL,11.0,1.0,0.917,0.0
2025-12-20 17:37:11,2025-12-19,SPY,MCD,16.0,1.0,1.0,0.0
2025-12-20 17:37:11,2025-12-19,SPY,ORCL,6.0,1.0,0.5,0.0
2025-12-20 17:37:11,2025-12-19,SPY,AVGO,1.0,0.0,0.083,0.0
2025-12-20 17:37:11,2025-12-19,SPY,CRM,1.0,0.0,0.083,0.0
2025-12-20 17:37:11,2025-12-19,SPY,PEP,7.0,1.0,0.583,0.0
2025-12-20 17:37:11,2025-12-19,SPY,NFLX,2.0,1.0,0.167,0.0
2025-12-20 17:37:11,2025-12-19,SPY,HD,12.0,1.0,1.0,3.0
2025-12-20 17:37:11,2025-12-19,SPY,LULU,3.0,1.0,0.25,0.0
2025-12-20 17:37:11,2025-12-19,SPY,UNH,8.0,1.0,0.667,1.0
2025-12-20 17:37:11,2025-12-19,SPY,ULTA,1.0,1.0,0.083,0.0
2025-12-20 17:37:11,2025-12-19,SPY,META,3.0,1.0,0.25,0.0
2025-12-20 17:37:11,2025-12-19,SPY,ADBE,4.0,1.0,0.333,0.0
2025-12-20 17:37:11,2025-12-19,SPY,NKE,4.0,1.0,0.333,0.0
2025-12-20 17:37:11,2025-12-19,SPY,BBY,4.0,0.0,0.333,0.0
2025-12-20 17:37:11,2025-12-19,SPY,NVDA,7.0,1.0,0.583,2.0
2025-12-20 17:37:11,2025-12-19,SPY,COST,3.0,1.0,0.25,1.0
2025-12-20 17:37:11,2025-12-19,SPY,EBAY,8.0,1.0,0.667,1.0
2025-12-20 17:37:11,2025-12-19,SPY,TGT,3.0,1.0,0.25,0.0
2025-12-20 17:37:11,2025-12-19,SPY,SBUX,10.0,1.0,0.833,0.0
2025-12-20 17:37:11,2025-12-19,SPY,MRK,6.0,1.0,0.5,1.0
2025-12-20 17:37:11,2025-12-19,SPY,AAPL,8.0,1.0,0.667,0.0
2025-12-20 17:37:11,2025-12-19,SPY,LOW,0.0,0.0,0.0,0.0
2025-12-20 17:37:11,2025-12-19,SPY,WMT,5.0,1.0,0.417,0.0
2025-12-20 17:37:11,2025-12-19,SPY,DIS,8.0,1.0,0.667,1.0
2025-12-20 17:37:11,2025-12-19,SPY,BAC,4.0,1.0,0.333,0.0
2025-12-20 17:37:11,2025-12-19,SPY,JPM,5.0,1.0,0.417,3.0
2025-12-20 17:37:11,2025-12-19,SPY,BKNG,8.0,1.0,0.667,0.0
2025-12-20 17:37:11,2025-12-19,SPY,DLTR,4.0,1.0,0.333,0.0
2025-12-20 17:37:11,2025-12-19,SPY,XOM,11.0,0.778,0.917,1.0
2025-12-20 17:37:11,2025-12-19,SPY,GOOGL,12.0,1.0,1.0,0.0
2025-12-20 17:46:09,2025-12-19,SPY,MCD,16.0,1.0,1.0,0.0
2025-12-20 17:46:09,2025-12-19,SPY,ORCL,6.0,1.0,0.5,0.0
2025-12-20 17:46:09,2025-12-19,SPY,AVGO,1.0,0.0,0.083,0.0
2025-12-20 17:46:09,2025-12-19,SPY,CRM,1.0,0.0,0.083,0.0
2025-12-20 17:46:09,2025-12-19,SPY,PEP,7.0,1.0,0.583,0.0
2025-12-20 17:46:09,2025-12-19,SPY,NFLX,2.0,1.0,0.167,0.0
2025-12-20 17:46:09,2025-12-19,SPY,HD,11.0,1.0,0.917,3.0
2025-12-20 17:46:09,2025-12-19,SPY,LULU,3.0,1.0,0.25,0.0
2025-12-20 17:46:09,2025-12-19,SPY,UNH,8.0,1.0,0.667,1.0
2025-12-20 17:46:09,2025-12-19,SPY,ULTA,1.0,1.0,0.083,0.0
2025-12-20 17:46:09,2025-12-19,SPY,META,3.0,1.0,0.25,0.0
2025-12-20 17:46:09,2025-12-19,SPY,ADBE,4.0,1.0,0.333,0.0
2025-12-20 17:46:09,2025-12-19,SPY,NKE,4.0,1.0,0.333,0.0
2025-12-20 17:46:09,2025-12-19,SPY,BBY,4.0,0.0,0.333,0.0
2025-12-20 17:46:09,2025-12-19,SPY,NVDA,7.0,1.0,0.583,2.0
2025-12-20 17:46:09,2025-12-19,SPY,COST,2.0,1.0,0.167,1.0
2025-12-20 17:46:09,2025-12-19,SPY,EBAY,8.0,1.0,0.667,1.0
2025-12-20 17:46:09,2025-12-19,SPY,TGT,3.0,1.0,0.25,0.0
2025-12-20 17:46:09,2025-12-19,SPY,SBUX,10.0,1.0,0.833,0.0
2025-12-20 17:46:09,2025-12-19,SPY,MRK,6.0,1.0,0.5,1.0
2025-12-20 17:46:09,2025-12-19,SPY,AAPL,8.0,1.0,0.667,0.0
2025-12-20 17:46:09,2025-12-19,SPY,LOW,0.0,0.0,0.0,0.0
2025-12-20 17:46:09,2025-12-19,SPY,WMT,5.0,1.0,0.417,0.0
2025-12-20 17:46:09,2025-12-19,SPY,DIS,8.0,1.0,0.667,1.0
2025-12-20 17:46:09,2025-12-19,SPY,BAC,4.0,1.0,0.333,0.0
2025-12-20 17:46:09,2025-12-19,SPY,JPM,6.0,1.0,0.5,3.0
2025-12-20 17:46:09,2025-12-19,SPY,BKNG,9.0,1.0,0.75,0.0
2025-12-20 17:46:09,2025-12-19,SPY,DLTR,4.0,1.0,0.333,0.0
2025-12-20 17:46:09,2025-12-19,SPY,XOM,11.0,0.778,0.917,1.0
2025-12-20 17:46:09,2025-12-19,SPY,GOOGL,12.0,1.0,1.0,0.0
2025-12-20 19:01:42,2025-12-19,SPY,MCD,16.0,1.0,1.0,0.0
2025-12-20 19:01:42,2025-12-19,SPY,ORCL,6.0,1.0,0.5,0.0
2025-12-20 19:01:42,2025-12-19,SPY,AVGO,1.0,0.0,0.083,0.0
2025-12-20 19:01:42,2025-12-19,SPY,CRM,1.0,0.0,0.083,0.0
2025-12-20 19:01:42,2025-12-19,SPY,PEP,7.0,1.0,0.583,0.0
2025-12-20 19:01:42,2025-12-19,SPY,NFLX,2.0,1.0,0.167,0.0
2025-12-20 19:01:42,2025-12-19,SPY,HD,12.0,1.0,1.0,3.0
2025-12-20 19:01:42,2025-12-19,SPY,LULU,3.0,1.0,0.25,0.0
2025-12-20 19:01:42,2025-12-19,SPY,UNH,8.0,1.0,0.667,1.0
2025-12-20 19:01:42,2025-12-19,SPY,ULTA,1.0,1.0,0.083,0.0
2025-12-20 19:01:42,2025-12-19,SPY,META,3.0,1.0,0.25,0.0
2025-12-20 19:01:42,2025-12-19,SPY,ADBE,4.0,1.0,0.333,0.0
2025-12-20 19:01:42,2025-12-19,SPY,NKE,4.0,1.0,0.333,0.0
2025-12-20 19:01:42,2025-12-19,SPY,BBY,4.0,0.0,0.333,0.0
2025-12-20 19:01:42,2025-12-19,SPY,NVDA,6.0,1.0,0.5,1.0
2025-12-20 19:01:42,2025-12-19,SPY,COST,2.0,1.0,0.167,1.0
2025-12-20 19:01:42,2025-12-19,SPY,EBAY,7.0,1.0,0.583,1.0
2025-12-20 19:01:42,2025-12-19,SPY,TGT,3.0,1.0,0.25,0.0
2025-12-20 19:01:42,2025-12-19,SPY,SBUX,10.0,1.0,0.833,0.0
2025-12-20 19:01:42,2025-12-19,SPY,MRK,5.0,1.0,0.417,1.0
2025-12-20 19:01:42,2025-12-19,SPY,AAPL,8.0,1.0,0.667,0.0
2025-12-20 19:01:42,2025-12-19,SPY,LOW,0.0,0.0,0.0,0.0
2025-12-20 19:01:42,2025-12-19,SPY,WMT,5.0,1.0,0.417,0.0
2025-12-20 19:01:42,2025-12-19,SPY,DIS,8.0,1.0,0.667,1.0
2025-12-20 19:01:42,2025-12-19,SPY,BAC,5.0,1.0,0.417,0.0
2025-12-20 19:01:42,2025-12-19,SPY,JPM,6.0,1.0,0.5,3.0
2025-12-20 19:01:42,2025-12-19,SPY,BKNG,8.0,1.0,0.667,0.0
2025-12-20 19:01:42,2025-12-19,SPY,DLTR,4.0,1.0,0.333,0.0
2025-12-20 19:01:42,2025-12-19,SPY,XOM,11.0,0.778,0.917,1.0
2025-12-20 19:01:42,2025-12-19,SPY,GOOGL,11.0,1.0,0.917,0.0
2025-12-20 19:03:05,2025-12-19,SPY,AAPL,8.0,1.0,0.667,0.0
2025-12-20 19:03:05,2025-12-19,SPY,TSLA,11.0,1.0,0.917,0.0
2025-12-20 19:03:05,2025-12-19,SPY,ABNB,15.0,1.0,1.0,1.0
2025-12-20 19:03:05,2025-12-19,SPY,BKNG,8.0,1.0,0.667,0.0
2025-12-20 19:03:05,2025-12-19,SPY,BAC,5.0,1.0,0.417,0.0
2025-12-20 19:03:05,2025-12-19,SPY,EBAY,7.0,1.0,0.583,1.0
2025-12-20 19:03:05,2025-12-19,SPY,MA,3.0,0.0,0.25,0.0
2025-12-20 19:03:05,2025-12-19,SPY,DIS,8.0,1.0,0.667,1.0
2025-12-20 19:03:05,2025-12-19,SPY,V,3.0,1.0,0.25,3.0
2025-12-20 19:03:05,2025-12-19,SPY,AMZN,3.0,0.0,0.25,3.0
2025-12-20 19:03:05,2025-12-19,SPY,MSFT,12.0,1.0,1.0,3.0
2025-12-20 19:03:05,2025-12-19,SPY,NVDA,6.0,1.0,0.5,1.0
2025-12-20 19:03:05,2025-12-19,SPY,DLTR,4.0,1.0,0.333,0.0
2025-12-20 19:03:05,2025-12-19,SPY,MCD,16.0,1.0,1.0,0.0
2025-12-20 19:03:05,2025-12-19,SPY,ULTA,1.0,1.0,0.083,0.0
2025-12-20 19:03:05,2025-12-19,SPY,BBY,4.0,0.0,0.333,0.0
2025-12-20 19:03:05,2025-12-19,SPY,JPM,6.0,1.0,0.5,3.0
2025-12-20 19:03:05,2025-12-19,SPY,XOM,11.0,0.778,0.917,1.0
2025-12-20 19:03:05,2025-12-19,SPY,LOW,0.0,0.0,0.0,0.0
2025-12-20 19:03:05,2025-12-19,SPY,ABBV,10.0,1.0,0.833,1.0
2025-12-20 19:03:05,2025-12-19,SPY,FDX,8.0,1.0,0.667,3.0
2025-12-20 19:03:05,2025-12-19,SPY,META,3.0,1.0,0.25,0.0
2025-12-20 19:03:05,2025-12-19,SPY,WMT,5.0,1.0,0.417,0.0
2025-12-20 19:03:05,2025-12-19,SPY,TJX,10.0,1.0,0.833,1.0
2025-12-20 19:03:05,2025-12-19,SPY,ORCL,6.0,1.0,0.5,0.0
2025-12-20 19:03:05,2025-12-19,SPY,NFLX,2.0,1.0,0.167,0.0
2025-12-20 19:03:05,2025-12-19,SPY,KO,7.0,1.0,0.583,2.0
2025-12-20 19:03:05,2025-12-19,SPY,TGT,3.0,1.0,0.25,0.0
2025-12-20 19:03:05,2025-12-19,SPY,CSCO,8.0,1.0,0.667,1.0
2025-12-20 19:03:05,2025-12-19,SPY,ROST,3.0,1.0,0.25,0.0
2025-12-20 19:05:23,2025-12-19,SPY,DG,3.0,0.0,0.25,2.0
2025-12-20 19:05:23,2025-12-19,SPY,MCD,16.0,1.0,1.0,0.0
2025-12-20 19:05:23,2025-12-19,SPY,PEP,7.0,1.0,0.583,0.0
2025-12-20 19:05:23,2025-12-19,SPY,DLTR,4.0,1.0,0.333,0.0
2025-12-20 19:05:23,2025-12-19,SPY,ULTA,1.0,1.0,0.083,0.0
2025-12-20 19:05:23,2025-12-19,SPY,ORCL,6.0,1.0,0.5,0.0
2025-12-20 19:05:23,2025-12-19,SPY,BKNG,8.0,1.0,0.667,0.0
2025-12-20 19:05:23,2025-12-19,SPY,AVGO,1.0,0.0,0.083,0.0
2025-12-20 19:05:23,2025-12-19,SPY,ABNB,15.0,1.0,1.0,1.0
2025-12-20 19:05:23,2025-12-19,SPY,CRM,1.0,0.0,0.083,0.0
2025-12-20 19:05:23,2025-12-19,SPY,ADBE,4.0,1.0,0.333,0.0
2025-12-20 19:05:23,2025-12-19,SPY,FCX,10.0,1.0,0.833,0.0
2025-12-20 19:05:23,2025-12-19,SPY,DIS,8.0,1.0,0.667,1.0
2025-12-20 19:05:23,2025-12-19,SPY,WMT,5.0,1.0,0.417,0.0
2025-12-20 19:05:23,2025-12-19,SPY,V,3.0,1.0,0.25,3.0
2025-12-20 19:05:23,2025-12-19,SPY,NFLX,2.0,1.0,0.167,0.0
2025-12-20 19:05:23,2025-12-19,SPY,HD,12.0,1.0,1.0,3.0
2025-12-20 19:05:23,2025-12-19,SPY,MA,3.0,0.0,0.25,0.0
2025-12-20 19:05:23,2025-12-19,SPY,LULU,3.0,1.0,0.25,0.0
2025-12-20 19:05:23,2025-12-19,SPY,TGT,3.0,1.0,0.25,0.0
2025-12-20 19:05:23,2025-12-19,SPY,ROST,3.0,1.0,0.25,0.0
2025-12-20 19:05:23,2025-12-19,SPY,PG,3.0,1.0,0.25,0.0
2025-12-20 19:05:23,2025-12-19,SPY,NKE,4.0,1.0,0.333,0.0
2025-12-20 19:05:23,2025-12-19,SPY,META,3.0,1.0,0.25,0.0
2025-12-20 19:05:23,2025-12-19,SPY,BBY,4.0,0.0,0.333,0.0
2025-12-20 19:05:23,2025-12-19,SPY,NVDA,6.0,1.0,0.5,1.0
2025-12-20 19:05:23,2025-12-19,SPY,TSLA,11.0,1.0,0.917,0.0
2025-12-20 19:05:23,2025-12-19,SPY,TJX,10.0,1.0,0.833,1.0
2025-12-20 19:05:23,2025-12-19,SPY,EBAY,7.0,1.0,0.583,1.0
2025-12-20 19:05:23,2025-12-19,SPY,UNH,8.0,1.0,0.667,1.0
2025-12-20 19:13:18,2025-12-19,SPY,DG,3.0,0.0,0.25,2.0
2025-12-20 19:13:18,2025-12-19,SPY,MCD,16.0,1.0,1.0,0.0
2025-12-20 19:13:18,2025-12-19,SPY,PEP,8.0,1.0,0.667,0.0
2025-12-20 19:13:18,2025-12-19,SPY,DLTR,4.0,1.0,0.333,0.0
2025-12-20 19:13:18,2025-12-19,SPY,ULTA,1.0,1.0,0.083,0.0
2025-12-20 19:13:18,2025-12-19,SPY,ORCL,6.0,1.0,0.5,0.0
2025-12-20 19:13:18,2025-12-19,SPY,BKNG,8.0,1.0,0.667,0.0
2025-12-20 19:13:18,2025-12-19,SPY,AVGO,1.0,0.0,0.083,0.0
2025-12-20 19:13:18,2025-12-19,SPY,ABNB,15.0,1.0,1.0,1.0
2025-12-20 19:13:18,2025-12-19,SPY,CRM,2.0,0.0,0.167,0.0
2025-12-20 19:13:18,2025-12-19,SPY,ADBE,4.0,1.0,0.333,0.0
2025-12-20 19:13:18,2025-12-19,SPY,FCX,11.0,1.0,0.917,0.0
2025-12-20 19:13:18,2025-12-19,SPY,DIS,8.0,1.0,0.667,1.0
2025-12-20 19:13:18,2025-12-19,SPY,WMT,5.0,1.0,0.417,0.0
2025-12-20 19:13:18,2025-12-19,SPY,V,3.0,1.0,0.25,3.0
2025-12-20 19:13:18,2025-12-19,SPY,NFLX,2.0,1.0,0.167,0.0
2025-12-20 19:13:18,2025-12-19,SPY,HD,11.0,1.0,0.917,3.0
2025-12-20 19:13:18,2025-12-19,SPY,MA,3.0,0.0,0.25,0.0
2025-12-20 19:13:18,2025-12-19,SPY,LULU,3.0,1.0,0.25,0.0
2025-12-20 19:13:18,2025-12-19,SPY,TGT,3.0,1.0,0.25,0.0
2025-12-20 19:13:18,2025-12-19,SPY,ROST,5.0,1.0,0.417,0.0
2025-12-20 19:13:18,2025-12-19,SPY,PG,3.0,1.0,0.25,0.0
2025-12-20 19:13:18,2025-12-19,SPY,NKE,4.0,1.0,0.333,0.0
2025-12-20 19:13:18,2025-12-19,SPY,META,3.0,1.0,0.25,0.0
2025-12-20 19:13:18,2025-12-19,SPY,BBY,4.0,0.0,0.333,0.0
2025-12-20 19:13:18,2025-12-19,SPY,NVDA,7.0,1.0,0.583,2.0
2025-12-20 19:13:18,2025-12-19,SPY,TSLA,10.0,1.0,0.833,0.0
2025-12-20 19:13:18,2025-12-19,SPY,TJX,10.0,1.0,0.833,1.0
2025-12-20 19:13:18,2025-12-19,SPY,EBAY,7.0,1.0,0.583,1.0
2025-12-20 19:13:18,2025-12-19,SPY,UNH,8.0,1.0,0.667,1.0
2025-12-20 19:13:39,2025-12-19,SPY,DG,3,0.0,0.25,2
2025-12-20 19:13:39,2025-12-19,SPY,PEP,8,1.0,0.667,0
2025-12-20 19:13:39,2025-12-19,SPY,ULTA,1,1.0,0.083,0
2025-12-20 19:13:39,2025-12-19,SPY,ORCL,6,1.0,0.5,0
2025-12-20 19:13:39,2025-12-19,SPY,AVGO,1,0.0,0.083,0
2025-12-20 19:13:39,2025-12-19,SPY,CRM,2,0.0,0.167,0
2025-12-20 19:13:39,2025-12-19,SPY,DIS,8,1.0,0.667,1
2025-12-20 19:13:39,2025-12-19,SPY,NFLX,2,1.0,0.167,0
2025-12-20 19:13:39,2025-12-19,SPY,HD,11,1.0,0.917,3
2025-12-20 19:13:39,2025-12-19,SPY,MA,3,0.0,0.25,0
2025-12-20 19:13:39,2025-12-19,SPY,META,3,1.0,0.25,0
2025-12-20 19:13:39,2025-12-19,SPY,BBY,4,0.0,0.333,0
2025-12-20 19:13:39,2025-12-19,SPY,NVDA,7,1.0,0.583,2
2025-12-20 19:13:39,2025-12-19,SPY,TJX,10,1.0,0.833,1
2025-12-20 19:13:39,2025-12-19,SPY,EBAY,7,1.0,0.583,1
2025-12-20 19:13:39,2025-12-19,SPY,JPM,5,1.0,0.417,2
2025-12-20 19:13:39,2025-12-19,SPY,COST,2,1.0,0.167,1
2025-12-20 19:13:39,2025-12-19,SPY,GOOGL,11,1.0,0.917,0
2025-12-20 19:13:39,2025-12-19,SPY,AMZN,3,0.0,0.25,3
2025-12-20 19:13:39,2025-12-19,SPY,MSFT,11,1.0,0.917,3
2025-12-20 19:13:39,2025-12-19,SPY,BAC,5,1.0,0.417,0
2025-12-20 19:13:39,2025-12-19,SPY,XOM,11,0.778,0.917,1
2025-12-20 19:13:39,2025-12-19,SPY,TMO,11,1.0,0.917,2
2025-12-20 19:13:39,2025-12-19,SPY,AAPL,8,1.0,0.667,0
2025-12-20 19:13:39,2025-12-19,SPY,MRK,6,1.0,0.5,1
2025-12-20 19:51:04,2025-12-19,SPY,MCD,16.0,1.0,1.0,0.0
2025-12-20 19:51:04,2025-12-19,SPY,LULU,3.0,1.0,0.25,0.0
2025-12-20 19:51:04,2025-12-19,SPY,DLTR,4.0,1.0,0.333,0.0
2025-12-20 19:51:04,2025-12-19,SPY,TGT,3.0,1.0,0.25,0.0
2025-12-20 19:51:04,2025-12-19,SPY,FCX,11.0,1.0,0.917,0.0
2025-12-20 19:51:04,2025-12-19,SPY,UPS,4.0,1.0,0.333,2.0
2025-12-20 19:51:04,2025-12-19,SPY,TSLA,10.0,1.0,0.833,0.0
2025-12-20 19:51:30,2025-12-19,SPY,MCD,16,1.0,1.0,0
2025-12-20 19:51:30,2025-12-19,SPY,LULU,3,1.0,0.25,0
2025-12-20 19:51:30,2025-12-19,SPY,DLTR,4,1.0,0.333,0
2025-12-20 19:51:30,2025-12-19,SPY,TGT,3,1.0,0.25,0
2025-12-20 19:51:30,2025-12-19,SPY,FCX,11,1.0,0.917,0
2025-12-20 19:51:30,2025-12-19,SPY,UPS,4,1.0,0.333,2
2025-12-20 19:51:30,2025-12-19,SPY,TSLA,10,1.0,0.833,0
2025-12-20 20:43:53,2025-12-19,SPY,ROST,5.0,1.0,0.417,0.0
2025-12-20 20:43:53,2025-12-19,SPY,FCX,11.0,1.0,0.917,0.0
2025-12-20 20:43:53,2025-12-19,SPY,FDX,8.0,1.0,0.667,3.0
2025-12-20 20:43:53,2025-12-19,SPY,UPS,4.0,1.0,0.333,2.0
2025-12-20 20:43:53,2025-12-19,SPY,ABNB,15.0,1.0,1.0,1.0
2025-12-20 20:43:53,2025-12-19,SPY,TSLA,10.0,1.0,0.833,0.0
2025-12-20 20:43:53,2025-12-19,SPY,TGT,3.0,1.0,0.25,0.0
2025-12-20 20:43:53,2025-12-19,SPY,DLTR,5.0,1.0,0.417,0.0
2025-12-20 20:43:53,2025-12-19,SPY,WMT,4.0,1.0,0.333,0.0
2025-12-20 20:43:53,2025-12-19,SPY,TJX,9.0,1.0,0.75,1.0
2025-12-20 20:43:53,2025-12-19,SPY,LLY,4.0,1.0,0.333,1.0
2025-12-20 20:43:53,2025-12-19,SPY,DG,3.0,0.0,0.25,2.0
2025-12-20 20:43:53,2025-12-19,SPY,ULTA,1.0,1.0,0.083,0.0
2025-12-20 20:43:53,2025-12-19,SPY,GOOGL,11.0,1.0,0.917,0.0
2025-12-20 20:43:53,2025-12-19,SPY,CSCO,7.0,1.0,0.583,1.0
2025-12-20 20:43:53,2025-12-19,SPY,BKNG,9.0,1.0,0.75,0.0
2025-12-20 20:43:53,2025-12-19,SPY,V,3.0,1.0,0.25,3.0
2025-12-20 20:43:53,2025-12-19,SPY,JPM,5.0,1.0,0.417,2.0
2025-12-20 20:43:53,2025-12-19,SPY,LULU,3.0,1.0,0.25,0.0
2025-12-20 20:43:53,2025-12-19,SPY,TMO,11.0,1.0,0.917,2.0
2025-12-20 20:43:53,2025-12-19,SPY,LOW,0.0,0.0,0.0,0.0
2025-12-20 20:43:53,2025-12-19,SPY,MA,3.0,0.0,0.25,0.0
2025-12-20 20:43:53,2025-12-19,SPY,XOM,11.0,0.778,0.917,1.0
2025-12-20 20:43:53,2025-12-19,SPY,DIS,8.0,1.0,0.667,1.0
2025-12-20 20:43:53,2025-12-19,SPY,PG,3.0,1.0,0.25,0.0
2025-12-20 20:43:53,2025-12-19,SPY,AAPL,8.0,1.0,0.667,0.0
2025-12-20 20:43:53,2025-12-19,SPY,SBUX,10.0,1.0,0.833,0.0
2025-12-20 20:43:53,2025-12-19,SPY,KO,7.0,1.0,0.583,2.0
2025-12-20 20:43:53,2025-12-19,SPY,ABBV,9.0,1.0,0.75,1.0
2025-12-20 20:43:53,2025-12-19,SPY,ADBE,4.0,1.0,0.333,0.0
2025-12-20 20:44:28,2025-12-19,SPY,TJX,9,1.0,0.75,1
2025-12-20 20:44:28,2025-12-19,SPY,DG,3,0.0,0.25,2
2025-12-20 20:44:28,2025-12-19,SPY,ULTA,1,1.0,0.083,0
2025-12-20 20:44:28,2025-12-19,SPY,GOOGL,11,1.0,0.917,0
2025-12-20 20:44:28,2025-12-19,SPY,JPM,5,1.0,0.417,2
2025-12-20 20:44:28,2025-12-19,SPY,TMO,11,1.0,0.917,2
2025-12-20 20:44:28,2025-12-19,SPY,MA,3,0.0,0.25,0
2025-12-20 20:44:28,2025-12-19,SPY,XOM,11,0.778,0.917,1
2025-12-20 20:44:28,2025-12-19,SPY,DIS,8,1.0,0.667,1
2025-12-20 20:44:28,2025-12-19,SPY,AAPL,8,1.0,0.667,0
2025-12-20 20:44:28,2025-12-19,SPY,META,2,0.0,0.167,0
2025-12-20 20:44:28,2025-12-19,SPY,AMZN,3,0.0,0.25,3
2025-12-20 20:44:28,2025-12-19,SPY,EBAY,7,1.0,0.583,1
2025-12-20 20:44:28,2025-12-19,SPY,HD,11,1.0,0.917,3
2025-12-20 20:44:28,2025-12-19,SPY,MSFT,11,1.0,0.917,3
2025-12-20 20:44:28,2025-12-19,SPY,PEP,8,1.0,0.667,0
2025-12-20 20:44:28,2025-12-19,SPY,NVDA,7,1.0,0.583,2
2025-12-20 20:44:28,2025-12-19,SPY,BAC,5,1.0,0.417,0
2025-12-20 20:44:28,2025-12-19,SPY,MRK,6,1.0,0.5,1
2025-12-20 20:44:28,2025-12-19,SPY,BBY,4,0.0,0.333,0
2025-12-20 20:44:28,2025-12-19,SPY,COST,3,1.0,0.25,1
2025-12-20 20:44:28,2025-12-19,SPY,AVGO,1,0.0,0.083,0
2025-12-20 20:44:28,2025-12-19,SPY,CRM,2,0.0,0.167,0
2025-12-20 20:44:28,2025-12-19,SPY,NFLX,2,1.0,0.167,0
2025-12-20 20:44:28,2025-12-19,SPY,ORCL,6,1.0,0.5,0
2025-12-20 23:34:50,2025-12-19,SPY,ROST,5.0,1.0,0.417,0.0
2025-12-20 23:34:50,2025-12-19,SPY,FCX,9.0,1.0,0.75,0.0
2025-12-20 23:34:50,2025-12-19,SPY,FDX,8.0,1.0,0.667,3.0
2025-12-20 23:34:50,2025-12-19,SPY,UPS,4.0,1.0,0.333,2.0
2025-12-20 23:34:50,2025-12-19,SPY,ABNB,15.0,1.0,1.0,1.0
2025-12-20 23:34:50,2025-12-19,SPY,TSLA,9.0,1.0,0.75,0.0
2025-12-20 23:34:50,2025-12-19,SPY,TGT,3.0,1.0,0.25,0.0
2025-12-20 23:34:50,2025-12-19,SPY,DLTR,5.0,1.0,0.417,0.0
2025-12-20 23:34:50,2025-12-19,SPY,WMT,4.0,1.0,0.333,0.0
2025-12-20 23:34:50,2025-12-19,SPY,TJX,10.0,1.0,0.833,1.0
2025-12-20 23:34:50,2025-12-19,SPY,LLY,4.0,1.0,0.333,1.0
2025-12-20 23:34:50,2025-12-19,SPY,DG,3.0,0.0,0.25,2.0
2025-12-20 23:34:50,2025-12-19,SPY,GOOGL,12.0,1.0,1.0,0.0
2025-12-20 23:34:50,2025-12-19,SPY,ULTA,1.0,1.0,0.083,0.0
2025-12-20 23:34:50,2025-12-19,SPY,CSCO,7.0,1.0,0.583,1.0
2025-12-20 23:34:50,2025-12-19,SPY,BKNG,8.0,1.0,0.667,0.0
2025-12-20 23:34:50,2025-12-19,SPY,V,3.0,1.0,0.25,3.0
2025-12-20 23:34:50,2025-12-19,SPY,LULU,3.0,1.0,0.25,0.0
2025-12-20 23:34:50,2025-12-19,SPY,JPM,6.0,1.0,0.5,3.0
2025-12-20 23:34:50,2025-12-19,SPY,TMO,11.0,1.0,0.917,2.0
2025-12-20 23:34:50,2025-12-19,SPY,LOW,0.0,0.0,0.0,0.0
2025-12-20 23:34:50,2025-12-19,SPY,MA,3.0,0.0,0.25,0.0
2025-12-20 23:34:50,2025-12-19,SPY,XOM,10.0,0.778,0.833,1.0
2025-12-20 23:34:50,2025-12-19,SPY,DIS,7.0,1.0,0.583,1.0
2025-12-20 23:34:50,2025-12-19,SPY,PG,3.0,1.0,0.25,0.0
2025-12-20 23:34:50,2025-12-19,SPY,AAPL,9.0,1.0,0.75,0.0
2025-12-20 23:34:50,2025-12-19,SPY,KO,8.0,1.0,0.667,2.0
2025-12-20 23:34:50,2025-12-19,SPY,SBUX,9.0,1.0,0.75,0.0
2025-12-20 23:34:50,2025-12-19,SPY,ABBV,8.0,1.0,0.667,1.0
2025-12-20 23:34:50,2025-12-19,SPY,ADBE,4.0,1.0,0.333,0.0
2025-12-20 23:49:05,2025-12-19,SPY,ROST,5.0,1.0,0.417,0.0
2025-12-20 23:49:05,2025-12-19,SPY,FCX,9.0,1.0,0.75,0.0
2025-12-20 23:49:05,2025-12-19,SPY,FDX,8.0,1.0,0.667,3.0
2025-12-20 23:49:05,2025-12-19,SPY,UPS,4.0,1.0,0.333,2.0
2025-12-20 23:49:05,2025-12-19,SPY,ABNB,15.0,1.0,1.0,1.0
2025-12-20 23:49:05,2025-12-19,SPY,TSLA,10.0,1.0,0.833,0.0
2025-12-20 23:49:05,2025-12-19,SPY,TGT,3.0,1.0,0.25,0.0
2025-12-20 23:49:05,2025-12-19,SPY,WMT,6.0,1.0,0.5,0.0
2025-12-20 23:49:05,2025-12-19,SPY,DLTR,5.0,1.0,0.417,0.0
2025-12-20 23:49:05,2025-12-19,SPY,TJX,9.0,1.0,0.75,1.0
2025-12-20 23:49:05,2025-12-19,SPY,LLY,4.0,1.0,0.333,1.0
2025-12-20 23:49:05,2025-12-19,SPY,DG,3.0,0.0,0.25,2.0
2025-12-20 23:49:05,2025-12-19,SPY,GOOGL,12.0,1.0,1.0,0.0
2025-12-20 23:49:05,2025-12-19,SPY,ULTA,1.0,1.0,0.083,0.0
2025-12-20 23:49:05,2025-12-19,SPY,CSCO,7.0,1.0,0.583,1.0
2025-12-20 23:49:05,2025-12-19,SPY,V,3.0,1.0,0.25,3.0
2025-12-20 23:49:05,2025-12-19,SPY,BKNG,6.0,1.0,0.5,0.0
2025-12-20 23:49:05,2025-12-19,SPY,LULU,3.0,1.0,0.25,0.0
2025-12-20 23:49:05,2025-12-19,SPY,JPM,6.0,1.0,0.5,3.0
2025-12-20 23:49:05,2025-12-19,SPY,LOW,0.0,0.0,0.0,0.0
2025-12-20 23:49:05,2025-12-19,SPY,TMO,10.0,1.0,0.833,2.0
2025-12-20 23:49:05,2025-12-19,SPY,MA,3.0,0.0,0.25,0.0
2025-12-20 23:49:05,2025-12-19,SPY,XOM,10.0,0.778,0.833,1.0
2025-12-20 23:49:05,2025-12-19,SPY,DIS,7.0,1.0,0.583,1.0
2025-12-20 23:49:05,2025-12-19,SPY,PG,3.0,1.0,0.25,0.0
2025-12-20 23:49:05,2025-12-19,SPY,AAPL,8.0,1.0,0.667,0.0
2025-12-20 23:49:05,2025-12-19,SPY,KO,8.0,1.0,0.667,2.0
2025-12-20 23:49:05,2025-12-19,SPY,SBUX,9.0,1.0,0.75,0.0
2025-12-20 23:49:05,2025-12-19,SPY,ABBV,8.0,1.0,0.667,1.0
2025-12-20 23:49:05,2025-12-19,SPY,META,4.0,1.0,0.333,1.0
2025-12-21 00:32:58,2025-12-19,SPY,ROST,5.0,1.0,0.417,0.0,,
2025-12-21 00:32:58,2025-12-19,SPY,FCX,11.0,1.0,0.917,0.0,,
2025-12-21 00:32:58,2025-12-19,SPY,FDX,8.0,1.0,0.667,3.0,,
2025-12-21 00:32:58,2025-12-19,SPY,UPS,4.0,1.0,0.333,2.0,,
2025-12-21 00:32:58,2025-12-19,SPY,ABNB,15.0,1.0,1.0,1.0,,
2025-12-21 00:32:58,2025-12-19,SPY,TSLA,9.0,1.0,0.75,0.0,,
2025-12-21 00:32:58,2025-12-19,SPY,TGT,3.0,1.0,0.25,0.0,,
2025-12-21 00:32:58,2025-12-19,SPY,DLTR,6.0,1.0,0.5,0.0,,
2025-12-21 00:32:58,2025-12-19,SPY,WMT,5.0,1.0,0.417,0.0,,
2025-12-21 00:32:58,2025-12-19,SPY,TJX,9.0,1.0,0.75,1.0,,
2025-12-21 00:32:58,2025-12-19,SPY,LLY,4.0,1.0,0.333,1.0,,
2025-12-21 00:32:58,2025-12-19,SPY,DG,3.0,0.0,0.25,2.0,,
2025-12-21 00:32:58,2025-12-19,SPY,ULTA,1.0,1.0,0.083,0.0,,
2025-12-21 00:32:58,2025-12-19,SPY,CSCO,8.0,1.0,0.667,1.0,,
2025-12-21 00:32:58,2025-12-19,SPY,GOOGL,11.0,1.0,0.917,0.0,,
2025-12-21 00:32:58,2025-12-19,SPY,BKNG,7.0,1.0,0.583,0.0,,
2025-12-21 00:32:58,2025-12-19,SPY,V,3.0,1.0,0.25,3.0,,
2025-12-21 00:32:58,2025-12-19,SPY,JPM,6.0,1.0,0.5,3.0,,
2025-12-21 00:32:58,2025-12-19,SPY,LULU,2.0,1.0,0.167,0.0,,
2025-12-21 00:32:58,2025-12-19,SPY,TMO,11.0,1.0,0.917,2.0,,
2025-12-21 00:32:58,2025-12-19,SPY,LOW,0.0,0.0,0.0,0.0,,
2025-12-21 00:32:58,2025-12-19,SPY,MA,3.0,0.0,0.25,0.0,,
2025-12-21 00:32:58,2025-12-19,SPY,XOM,10.0,0.778,0.833,1.0,,
2025-12-21 00:32:58,2025-12-19,SPY,DIS,7.0,1.0,0.583,1.0,,
2025-12-21 00:32:58,2025-12-19,SPY,PG,3.0,1.0,0.25,0.0,,
2025-12-21 00:32:58,2025-12-19,SPY,AAPL,8.0,1.0,0.667,0.0,,
2025-12-21 00:32:58,2025-12-19,SPY,KO,8.0,1.0,0.667,2.0,,
2025-12-21 00:32:58,2025-12-19,SPY,SBUX,9.0,1.0,0.75,0.0,,
2025-12-21 00:32:58,2025-12-19,SPY,ABBV,7.0,1.0,0.583,1.0,,
2025-12-21 00:32:58,2025-12-19,SPY,META,3.0,1.0,0.25,0.0,,
2025-12-21 00:33:59,2025-12-19,SPY,TJX,9,1.0,0.75,1,,
2025-12-21 00:33:59,2025-12-19,SPY,DG,3,0.0,0.25,2,,
2025-12-21 00:33:59,2025-12-19,SPY,ULTA,1,1.0,0.083,0,,
2025-12-21 00:33:59,2025-12-19,SPY,GOOGL,11,1.0,0.917,0,,
2025-12-21 00:33:59,2025-12-19,SPY,JPM,6,1.0,0.5,3,,
2025-12-21 00:33:59,2025-12-19,SPY,TMO,11,1.0,0.917,2,,
2025-12-21 00:33:59,2025-12-19,SPY,MA,3,0.0,0.25,0,,
2025-12-21 00:33:59,2025-12-19,SPY,XOM,10,0.778,0.833,1,,
2025-12-21 00:33:59,2025-12-19,SPY,DIS,7,1.0,0.583,1,,
2025-12-21 00:33:59,2025-12-19,SPY,META,3,1.0,0.25,0,,
2025-12-21 00:33:59,2025-12-19,SPY,AAPL,8,1.0,0.667,0,,
2025-12-21 00:33:59,2025-12-19,SPY,AMZN,3,0.0,0.25,3,,
2025-12-21 00:33:59,2025-12-19,SPY,HD,11,1.0,0.917,2,,
2025-12-21 00:33:59,2025-12-19,SPY,EBAY,5,1.0,0.417,1,,
2025-12-21 00:33:59,2025-12-19,SPY,MSFT,11,1.0,0.917,3,,
2025-12-21 00:33:59,2025-12-19,SPY,PEP,8,1.0,0.667,0,,
2025-12-21 00:33:59,2025-12-19,SPY,BAC,5,1.0,0.417,0,,
2025-12-21 00:33:59,2025-12-19,SPY,NVDA,5,1.0,0.417,1,,
2025-12-21 00:33:59,2025-12-19,SPY,MRK,7,1.0,0.583,1,,
2025-12-21 00:33:59,2025-12-19,SPY,BBY,4,0.0,0.333,0,,
2025-12-21 00:33:59,2025-12-19,SPY,COST,2,1.0,0.167,1,,
2025-12-21 00:33:59,2025-12-19,SPY,AVGO,1,0.0,0.083,0,,
2025-12-21 00:33:59,2025-12-19,SPY,CRM,1,0.0,0.083,0,,
2025-12-21 00:33:59,2025-12-19,SPY,NFLX,3,1.0,0.25,0,,
2025-12-21 00:33:59,2025-12-19,SPY,ORCL,6,1.0,0.5,0,,
2025-12-27 17:37:30,2025-12-19,SPY,ROST,,,,,,
2025-12-27 17:37:30,2025-12-19,SPY,FDX,,,,,,
2025-12-27 17:37:30,2025-12-19,SPY,UPS,,,,,,
2025-12-27 17:37:30,2025-12-19,SPY,FCX,,,,,,
2025-12-27 17:37:30,2025-12-19,SPY,TSLA,,,,,,
2025-12-27 17:37:30,2025-12-19,SPY,ABNB,,,,,,
2025-12-27 17:37:30,2025-12-19,SPY,TGT,,,,,,
2025-12-27 17:37:30,2025-12-19,SPY,WMT,,,,,,
2025-12-27 17:37:30,2025-12-19,SPY,DLTR,,,,,,
2025-12-27 17:37:30,2025-12-19,SPY,DG,,,,,,
2025-12-27 17:37:30,2025-12-19,SPY,LLY,,,,,,
2025-12-27 17:37:30,2025-12-19,SPY,TJX,,,,,,
2025-12-27 17:37:30,2025-12-19,SPY,ULTA,,,,,,
2025-12-27 17:37:30,2025-12-19,SPY,V,,,,,,
2025-12-27 17:37:30,2025-12-19,SPY,LOW,,,,,,
2025-12-27 17:37:30,2025-12-19,SPY,CSCO,,,,,,
2025-12-27 17:37:30,2025-12-19,SPY,LULU,,,,,,
2025-12-27 17:37:30,2025-12-19,SPY,JPM,,,,,,
2025-12-27 17:37:30,2025-12-19,SPY,BKNG,,,,,,
2025-12-27 17:37:30,2025-12-19,SPY,MA,,,,,,
2025-12-27 17:37:30,2025-12-19,SPY,GOOGL,,,,,,
2025-12-27 17:37:30,2025-12-19,SPY,TMO,,,,,,
2025-12-27 17:37:30,2025-12-19,SPY,PG,,,,,,
2025-12-27 17:37:30,2025-12-19,SPY,XOM,,,,,,
2025-12-27 17:37:30,2025-12-19,SPY,DIS,,,,,,
2025-12-27 17:37:30,2025-12-19,SPY,META,,,,,,
2025-12-27 17:37:30,2025-12-19,SPY,ADBE,,,,,,
2025-12-27 17:37:30,2025-12-19,SPY,AAPL,,,,,,
2025-12-27 17:37:30,2025-12-19,SPY,KO,,,,,,
2025-12-27 17:37:30,2025-12-19,SPY,ABBV,,,,,,
